### Starting TaskPrologue of job 3258287 on a0428 at Wed Dec 31 22:03:14 CET 2025
Running on cores 0-127 with governor ondemand
Wed Dec 31 22:03:14 2025
+-----------------------------------------------------------------------------------------+
| NVIDIA-SMI 580.105.08             Driver Version: 580.105.08     CUDA Version: 13.0     |
+-----------------------------------------+------------------------+----------------------+
| GPU  Name                 Persistence-M | Bus-Id          Disp.A | Volatile Uncorr. ECC |
| Fan  Temp   Perf          Pwr:Usage/Cap |           Memory-Usage | GPU-Util  Compute M. |
|                                         |                        |               MIG M. |
|=========================================+========================+======================|
|   0  NVIDIA A40                     On  |   00000000:01:00.0 Off |                  Off |
|  0%   33C    P8             21W /  300W |       0MiB /  49140MiB |      0%      Default |
|                                         |                        |                  N/A |
+-----------------------------------------+------------------------+----------------------+
|   1  NVIDIA A40                     On  |   00000000:25:00.0 Off |                  Off |
|  0%   33C    P8             22W /  300W |       0MiB /  49140MiB |      0%      Default |
|                                         |                        |                  N/A |
+-----------------------------------------+------------------------+----------------------+
|   2  NVIDIA A40                     On  |   00000000:41:00.0 Off |                  Off |
|  0%   34C    P8             22W /  300W |       0MiB /  49140MiB |      0%      Default |
|                                         |                        |                  N/A |
+-----------------------------------------+------------------------+----------------------+
|   3  NVIDIA A40                     On  |   00000000:61:00.0 Off |                  Off |
|  0%   34C    P8             21W /  300W |       0MiB /  49140MiB |      0%      Default |
|                                         |                        |                  N/A |
+-----------------------------------------+------------------------+----------------------+
|   4  NVIDIA A40                     On  |   00000000:81:00.0 Off |                  Off |
|  0%   35C    P8             23W /  300W |       0MiB /  49140MiB |      0%      Default |
|                                         |                        |                  N/A |
+-----------------------------------------+------------------------+----------------------+
|   5  NVIDIA A40                     On  |   00000000:A1:00.0 Off |                  Off |
|  0%   34C    P8             22W /  300W |       0MiB /  49140MiB |      0%      Default |
|                                         |                        |                  N/A |
+-----------------------------------------+------------------------+----------------------+
|   6  NVIDIA A40                     On  |   00000000:C1:00.0 Off |                  Off |
|  0%   34C    P8             22W /  300W |       0MiB /  49140MiB |      0%      Default |
|                                         |                        |                  N/A |
+-----------------------------------------+------------------------+----------------------+
|   7  NVIDIA A40                     On  |   00000000:E1:00.0 Off |                  Off |
|  0%   33C    P8             22W /  300W |       0MiB /  49140MiB |      0%      Default |
|                                         |                        |                  N/A |
+-----------------------------------------+------------------------+----------------------+

+-----------------------------------------------------------------------------------------+
| Processes:                                                                              |
|  GPU   GI   CI              PID   Type   Process name                        GPU Memory |
|        ID   ID                                                               Usage      |
|=========================================================================================|
|  No running processes found                                                             |
+-----------------------------------------------------------------------------------------+
### Finished TaskPrologue

Start staging IAM data to /tmp/3258287.alex...
IAM staging complete. Time taken: 4 seconds.
Copying LMDB files...
Data staging complete. Time taken: 0 seconds.
Set up Distributed Training (DDP)
Set up Distributed Training (DDP)
Set up Distributed Training (DDP)
Set up Distributed Training (DDP)
Set up Distributed Training (DDP)
Set up Distributed Training (DDP)
world_size is more than 1, cuda:1 is assigned as device
Using device: cuda:1, Rank: 1, World Size: 8
[Rank 1] GPU watchdog disabled on this rank (handled by rank 0).
         file_name                                   text
0  a01-000u-00.png      A MOVE to stop Mr. Gaitskell from
1  a01-000u-01.png  nominating any more Labour life Peers
2  a01-000u-02.png   is to be made at a meeting of Labour
3  a01-000u-03.png   M Ps tomorrow . Mr. Michael Foot has
4  a01-000u-04.png   put down a resolution on the subject
df len :  13353
{'<BOS>': 0, '<PAD>': 1, '<EOS>': 2, '<UNK>': 3, ' ': 4, '!': 5, '"': 6, '#': 7, '&': 8, "'": 9, '(': 10, ')': 11, '*': 12, '+': 13, ',': 14, '-': 15, '.': 16, '/': 17, '0': 18, '1': 19, '2': 20, '3': 21, '4': 22, '5': 23, '6': 24, '7': 25, '8': 26, '9': 27, ':': 28, ';': 29, '?': 30, 'A': 31, 'B': 32, 'C': 33, 'D': 34, 'E': 35, 'F': 36, 'G': 37, 'H': 38, 'I': 39, 'J': 40, 'K': 41, 'L': 42, 'M': 43, 'N': 44, 'O': 45, 'P': 46, 'Q': 47, 'R': 48, 'S': 49, 'T': 50, 'U': 51, 'V': 52, 'W': 53, 'X': 54, 'Y': 55, 'Z': 56, 'a': 57, 'b': 58, 'c': 59, 'd': 60, 'e': 61, 'f': 62, 'g': 63, 'h': 64, 'i': 65, 'j': 66, 'k': 67, 'l': 68, 'm': 69, 'n': 70, 'o': 71, 'p': 72, 'q': 73, 'r': 74, 's': 75, 't': 76, 'u': 77, 'v': 78, 'w': 79, 'x': 80, 'y': 81, 'z': 82}
world_size is more than 1, cuda:5 is assigned as device
Using device: cuda:5, Rank: 5, World Size: 8
[Rank 5] GPU watchdog disabled on this rank (handled by rank 0).
world_size is more than 1, cuda:4 is assigned as device
Using device: cuda:4, Rank: 4, World Size: 8
[Rank 4] GPU watchdog disabled on this rank (handled by rank 0).
world_size is more than 1, cuda:2 is assigned as device
Using device: cuda:2, Rank: 2, World Size: 8
[Rank 2] GPU watchdog disabled on this rank (handled by rank 0).
world_size is more than 1, cuda:3 is assigned as device         file_name                                   text
0  a01-000u-00.png      A MOVE to stop Mr. Gaitskell from
1  a01-000u-01.png  nominating any more Labour life Peers
2  a01-000u-02.png   is to be made at a meeting of Labour
3  a01-000u-03.png   M Ps tomorrow . Mr. Michael Foot has
4  a01-000u-04.png   put down a resolution on the subject

df len :  13353
Using device: cuda:3, Rank: 3, World Size: 8
[Rank 3] GPU watchdog disabled on this rank (handled by rank 0).
         file_name                                   text
0  a01-000u-00.png      A MOVE to stop Mr. Gaitskell from
1  a01-000u-01.png  nominating any more Labour life Peers
2  a01-000u-02.png   is to be made at a meeting of Labour
3  a01-000u-03.png   M Ps tomorrow . Mr. Michael Foot has
4  a01-000u-04.png   put down a resolution on the subject
df len :  13353
         file_name                                   text
0  a01-000u-00.png      A MOVE to stop Mr. Gaitskell from
1  a01-000u-01.png  nominating any more Labour life Peers
2  a01-000u-02.png   is to be made at a meeting of Labour
3  a01-000u-03.png   M Ps tomorrow . Mr. Michael Foot has
4  a01-000u-04.png   put down a resolution on the subject
df len :  13353
{'<BOS>': 0, '<PAD>': 1, '<EOS>': 2, '<UNK>': 3, ' ': 4, '!': 5, '"': 6, '#': 7, '&': 8, "'": 9, '(': 10, ')': 11, '*': 12, '+': 13, ',': 14, '-': 15, '.': 16, '/': 17, '0': 18, '1': 19, '2': 20, '3': 21, '4': 22, '5': 23, '6': 24, '7': 25, '8': 26, '9': 27, ':': 28, ';': 29, '?': 30, 'A': 31, 'B': 32, 'C': 33, 'D': 34, 'E': 35, 'F': 36, 'G': 37, 'H': 38, 'I': 39, 'J': 40, 'K': 41, 'L': 42, 'M': 43, 'N': 44, 'O': 45, 'P': 46, 'Q': 47, 'R': 48, 'S': 49, 'T': 50, 'U': 51, 'V': 52, 'W': 53, 'X': 54, 'Y': 55, 'Z': 56, 'a': 57, 'b': 58, 'c': 59, 'd': 60, 'e': 61, 'f': 62, 'g': 63, 'h': 64, 'i': 65, 'j': 66, 'k': 67, 'l': 68, 'm': 69, 'n': 70, 'o': 71, 'p': 72, 'q': 73, 'r': 74, 's': 75, 't': 76, 'u': 77, 'v': 78, 'w': 79, 'x': 80, 'y': 81, 'z': 82}
         file_name                                   text
0  a01-000u-00.png      A MOVE to stop Mr. Gaitskell from
1  a01-000u-01.png  nominating any more Labour life Peers
2  a01-000u-02.png   is to be made at a meeting of Labour
3  a01-000u-03.png   M Ps tomorrow . Mr. Michael Foot has
4  a01-000u-04.png   put down a resolution on the subject
df len :  13353
{'<BOS>': 0, '<PAD>': 1, '<EOS>': 2, '<UNK>': 3, ' ': 4, '!': 5, '"': 6, '#': 7, '&': 8, "'": 9, '(': 10, ')': 11, '*': 12, '+': 13, ',': 14, '-': 15, '.': 16, '/': 17, '0': 18, '1': 19, '2': 20, '3': 21, '4': 22, '5': 23, '6': 24, '7': 25, '8': 26, '9': 27, ':': 28, ';': 29, '?': 30, 'A': 31, 'B': 32, 'C': 33, 'D': 34, 'E': 35, 'F': 36, 'G': 37, 'H': 38, 'I': 39, 'J': 40, 'K': 41, 'L': 42, 'M': 43, 'N': 44, 'O': 45, 'P': 46, 'Q': 47, 'R': 48, 'S': 49, 'T': 50, 'U': 51, 'V': 52, 'W': 53, 'X': 54, 'Y': 55, 'Z': 56, 'a': 57, 'b': 58, 'c': 59, 'd': 60, 'e': 61, 'f': 62, 'g': 63, 'h': 64, 'i': 65, 'j': 66, 'k': 67, 'l': 68, 'm': 69, 'n': 70, 'o': 71, 'p': 72, 'q': 73, 'r': 74, 's': 75, 't': 76, 'u': 77, 'v': 78, 'w': 79, 'x': 80, 'y': 81, 'z': 82}
{'<BOS>': 0, '<PAD>': 1, '<EOS>': 2, '<UNK>': 3, ' ': 4, '!': 5, '"': 6, '#': 7, '&': 8, "'": 9, '(': 10, ')': 11, '*': 12, '+': 13, ',': 14, '-': 15, '.': 16, '/': 17, '0': 18, '1': 19, '2': 20, '3': 21, '4': 22, '5': 23, '6': 24, '7': 25, '8': 26, '9': 27, ':': 28, ';': 29, '?': 30, 'A': 31, 'B': 32, 'C': 33, 'D': 34, 'E': 35, 'F': 36, 'G': 37, 'H': 38, 'I': 39, 'J': 40, 'K': 41, 'L': 42, 'M': 43, 'N': 44, 'O': 45, 'P': 46, 'Q': 47, 'R': 48, 'S': 49, 'T': 50, 'U': 51, 'V': 52, 'W': 53, 'X': 54, 'Y': 55, 'Z': 56, 'a': 57, 'b': 58, 'c': 59, 'd': 60, 'e': 61, 'f': 62, 'g': 63, 'h': 64, 'i': 65, 'j': 66, 'k': 67, 'l': 68, 'm': 69, 'n': 70, 'o': 71, 'p': 72, 'q': 73, 'r': 74, 's': 75, 't': 76, 'u': 77, 'v': 78, 'w': 79, 'x': 80, 'y': 81, 'z': 82}
{'<BOS>': 0, '<PAD>': 1, '<EOS>': 2, '<UNK>': 3, ' ': 4, '!': 5, '"': 6, '#': 7, '&': 8, "'": 9, '(': 10, ')': 11, '*': 12, '+': 13, ',': 14, '-': 15, '.': 16, '/': 17, '0': 18, '1': 19, '2': 20, '3': 21, '4': 22, '5': 23, '6': 24, '7': 25, '8': 26, '9': 27, ':': 28, ';': 29, '?': 30, 'A': 31, 'B': 32, 'C': 33, 'D': 34, 'E': 35, 'F': 36, 'G': 37, 'H': 38, 'I': 39, 'J': 40, 'K': 41, 'L': 42, 'M': 43, 'N': 44, 'O': 45, 'P': 46, 'Q': 47, 'R': 48, 'S': 49, 'T': 50, 'U': 51, 'V': 52, 'W': 53, 'X': 54, 'Y': 55, 'Z': 56, 'a': 57, 'b': 58, 'c': 59, 'd': 60, 'e': 61, 'f': 62, 'g': 63, 'h': 64, 'i': 65, 'j': 66, 'k': 67, 'l': 68, 'm': 69, 'n': 70, 'o': 71, 'p': 72, 'q': 73, 'r': 74, 's': 75, 't': 76, 'u': 77, 'v': 78, 'w': 79, 'x': 80, 'y': 81, 'z': 82}
Set up Distributed Training (DDP)
Set up Distributed Training (DDP)
world_size is more than 1, cuda:6 is assigned as device
Using device: cuda:6, Rank: 6, World Size: 8
[Rank 6] GPU watchdog disabled on this rank (handled by rank 0).
         file_name                                   text
0  a01-000u-00.png      A MOVE to stop Mr. Gaitskell from
1  a01-000u-01.png  nominating any more Labour life Peers
2  a01-000u-02.png   is to be made at a meeting of Labour
3  a01-000u-03.png   M Ps tomorrow . Mr. Michael Foot has
4  a01-000u-04.png   put down a resolution on the subject
df len :  13353
{'<BOS>': 0, '<PAD>': 1, '<EOS>': 2, '<UNK>': 3, ' ': 4, '!': 5, '"': 6, '#': 7, '&': 8, "'": 9, '(': 10, ')': 11, '*': 12, '+': 13, ',': 14, '-': 15, '.': 16, '/': 17, '0': 18, '1': 19, '2': 20, '3': 21, '4': 22, '5': 23, '6': 24, '7': 25, '8': 26, '9': 27, ':': 28, ';': 29, '?': 30, 'A': 31, 'B': 32, 'C': 33, 'D': 34, 'E': 35, 'F': 36, 'G': 37, 'H': 38, 'I': 39, 'J': 40, 'K': 41, 'L': 42, 'M': 43, 'N': 44, 'O': 45, 'P': 46, 'Q': 47, 'R': 48, 'S': 49, 'T': 50, 'U': 51, 'V': 52, 'W': 53, 'X': 54, 'Y': 55, 'Z': 56, 'a': 57, 'b': 58, 'c': 59, 'd': 60, 'e': 61, 'f': 62, 'g': 63, 'h': 64, 'i': 65, 'j': 66, 'k': 67, 'l': 68, 'm': 69, 'n': 70, 'o': 71, 'p': 72, 'q': 73, 'r': 74, 's': 75, 't': 76, 'u': 77, 'v': 78, 'w': 79, 'x': 80, 'y': 81, 'z': 82}
world_size is more than 1, cuda:7 is assigned as device
Using device: cuda:7, Rank: 7, World Size: 8
[Rank 7] GPU watchdog disabled on this rank (handled by rank 0).
world_size is more than 1, cuda:0 is assigned as device
Using device: cuda:0, Rank: 0, World Size: 8
Number of CPUs used per process: 16, Total CPUs: 128, World Size: 8
[GPU watchdog] Started (threshold=5%, idle_minutes=60, poll_interval=60s, scope=CUDA_VISIBLE_DEVICES=0,1,2,3,4,5,6,7).[Rank 0] GPU watchdog started (single instance).

         file_name                                   text
0  a01-000u-00.png      A MOVE to stop Mr. Gaitskell from
1  a01-000u-01.png  nominating any more Labour life Peers
2  a01-000u-02.png   is to be made at a meeting of Labour
3  a01-000u-03.png   M Ps tomorrow . Mr. Michael Foot has
4  a01-000u-04.png   put down a resolution on the subject
df len :  13353
{'<BOS>': 0, '<PAD>': 1, '<EOS>': 2, '<UNK>': 3, ' ': 4, '!': 5, '"': 6, '#': 7, '&': 8, "'": 9, '(': 10, ')': 11, '*': 12, '+': 13, ',': 14, '-': 15, '.': 16, '/': 17, '0': 18, '1': 19, '2': 20, '3': 21, '4': 22, '5': 23, '6': 24, '7': 25, '8': 26, '9': 27, ':': 28, ';': 29, '?': 30, 'A': 31, 'B': 32, 'C': 33, 'D': 34, 'E': 35, 'F': 36, 'G': 37, 'H': 38, 'I': 39, 'J': 40, 'K': 41, 'L': 42, 'M': 43, 'N': 44, 'O': 45, 'P': 46, 'Q': 47, 'R': 48, 'S': 49, 'T': 50, 'U': 51, 'V': 52, 'W': 53, 'X': 54, 'Y': 55, 'Z': 56, 'a': 57, 'b': 58, 'c': 59, 'd': 60, 'e': 61, 'f': 62, 'g': 63, 'h': 64, 'i': 65, 'j': 66, 'k': 67, 'l': 68, 'm': 69, 'n': 70, 'o': 71, 'p': 72, 'q': 73, 'r': 74, 's': 75, 't': 76, 'u': 77, 'v': 78, 'w': 79, 'x': 80, 'y': 81, 'z': 82}
         file_name                                   text
0  a01-000u-00.png      A MOVE to stop Mr. Gaitskell from
1  a01-000u-01.png  nominating any more Labour life Peers
2  a01-000u-02.png   is to be made at a meeting of Labour
3  a01-000u-03.png   M Ps tomorrow . Mr. Michael Foot has
4  a01-000u-04.png   put down a resolution on the subject
df len :  13353
         file_name                                   text
0  a01-000u-00.png      A MOVE to stop Mr. Gaitskell from
1  a01-000u-01.png  nominating any more Labour life Peers
2  a01-000u-02.png   is to be made at a meeting of Labour
3  a01-000u-03.png   M Ps tomorrow . Mr. Michael Foot has
4  a01-000u-04.png   put down a resolution on the subject
{'<BOS>': 0, '<PAD>': 1, '<EOS>': 2, '<UNK>': 3, ' ': 4, '!': 5, '"': 6, '#': 7, '&': 8, "'": 9, '(': 10, ')': 11, '*': 12, '+': 13, ',': 14, '-': 15, '.': 16, '/': 17, '0': 18, '1': 19, '2': 20, '3': 21, '4': 22, '5': 23, '6': 24, '7': 25, '8': 26, '9': 27, ':': 28, ';': 29, '?': 30, 'A': 31, 'B': 32, 'C': 33, 'D': 34, 'E': 35, 'F': 36, 'G': 37, 'H': 38, 'I': 39, 'J': 40, 'K': 41, 'L': 42, 'M': 43, 'N': 44, 'O': 45, 'P': 46, 'Q': 47, 'R': 48, 'S': 49, 'T': 50, 'U': 51, 'V': 52, 'W': 53, 'X': 54, 'Y': 55, 'Z': 56, 'a': 57, 'b': 58, 'c': 59, 'd': 60, 'e': 61, 'f': 62, 'g': 63, 'h': 64, 'i': 65, 'j': 66, 'k': 67, 'l': 68, 'm': 69, 'n': 70, 'o': 71, 'p': 72, 'q': 73, 'r': 74, 's': 75, 't': 76, 'u': 77, 'v': 78, 'w': 79, 'x': 80, 'y': 81, 'z': 82}
[Rank 1] training examples : 7127
[Rank 1] validation examples : 2915
[Rank 1] Train DataLoader length: 56 batches
[Rank 2] training examples : 7127
[Rank 2] validation examples : 2915
[Rank 2] Train DataLoader length: 56 batches
[Rank 4] training examples : 7127
[Rank 4] validation examples : 2915
[Rank 4] Train DataLoader length: 56 batches
[Rank 3] training examples : 7127
[Rank 3] validation examples : 2915
[Rank 3] Train DataLoader length: 56 batches
[Rank 5] training examples : 7127
[Rank 5] validation examples : 2915
[Rank 5] Train DataLoader length: 56 batches
Model loaded successfully with IMAGENET1K_V1 weights.
Model loaded successfully with IMAGENET1K_V1 weights.
Model loaded successfully with IMAGENET1K_V1 weights.
Model loaded successfully with IMAGENET1K_V1 weights.
Model loaded successfully with IMAGENET1K_V1 weights.
Total number of parameters: 107405728
Total number of parameters: 107405728
Total number of parameters: 107405728
Total number of parameters: 107405728
Total number of parameters: 107405728
[Rank 6] training examples : 7127
[Rank 6] validation examples : 2915
[Rank 6] Train DataLoader length: 56 batches
[Rank 7] training examples : 7127
[Rank 7] validation examples : 2915
[Rank 7] Train DataLoader length: 56 batches
Model loaded successfully with IMAGENET1K_V1 weights.
max_tgt_length :  95
train_df len :  7127
test_df :  2915
[Rank 0] training examples : 7127
[Rank 0] validation examples : 2915
[Rank 0] Train DataLoader length: 56 batches
GPU 0 - before load the model: Allocated: 0.00 MiB, Reserved: 0.00 MiB, Peak Allocated: 0.00 MiB, Peak Reserved: 0.00 MiB
Model loaded successfully with IMAGENET1K_V1 weights.
Total number of parameters: 107405728
Model loaded successfully with IMAGENET1K_V1 weights.
Total number of parameters: 107405728
GPU 0 - before load the model: Allocated: 427.44 MiB, Reserved: 472.00 MiB, Peak Allocated: 427.44 MiB, Peak Reserved: 472.00 MiB
Total number of parameters: 107405728
Successfully loaded previous model weights
last epoch was  0 start epoch is  1
Previous Validation Loss: 999
args.mode :  train_inference_recurrent
Successfully loaded previous model weights
last epoch was  0 start epoch is  1
Previous Validation Loss: 999
args.mode :  train_inference_recurrent
Successfully loaded previous model weights
last epoch was  0 start epoch is  1
Previous Validation Loss: 999
args.mode :  train_inference_recurrent
Successfully loaded previous model weights
last epoch was  0 start epoch is  1
Previous Validation Loss: 999
args.mode :  train_inference_recurrent
Successfully loaded previous model weights
last epoch was  0 start epoch is  1
Previous Validation Loss: 999
args.mode :  train_inference_recurrent
Successfully loaded previous model weights
Successfully loaded previous model weights
Successfully loaded previous model weights
last epoch was  0 start epoch is  1
Previous Validation Loss: 999
args.mode :  train_inference_recurrent
last epoch was  0 start epoch is  1
Previous Validation Loss: 999
args.mode :  train_inference_recurrent
last epoch was  0 start epoch is  1
Previous Validation Loss: 999
args.mode :  train_inference_recurrent
Epoch: 1, Global Test CER: 0.0482
Epoch: 1, Train Loss: 2.500, Train CER: 0.0504, Test CER: 0.0482, Time: 47.062, F_no_retnorm_8_GPU_Bi_ret_12_synth_increase_gamma_along_layers_RetNet
Epoch: 2, Global Test CER: 0.0412
Epoch: 2, Train Loss: 2.462, Train CER: 0.0287, Test CER: 0.0412, Time: 45.525, F_no_retnorm_8_GPU_Bi_ret_12_synth_increase_gamma_along_layers_RetNet
Epoch: 3, Global Test CER: 0.0370
Epoch: 3, Train Loss: 2.454, Train CER: 0.0260, Test CER: 0.0370, Time: 45.020, F_no_retnorm_8_GPU_Bi_ret_12_synth_increase_gamma_along_layers_RetNet
Epoch: 4, Global Test CER: 0.0364
Epoch: 4, Train Loss: 2.449, Train CER: 0.0213, Test CER: 0.0364, Time: 47.989, F_no_retnorm_8_GPU_Bi_ret_12_synth_increase_gamma_along_layers_RetNet
Epoch: 5, Global Test CER: 0.0340
Epoch: 5, Train Loss: 2.446, Train CER: 0.0184, Test CER: 0.0340, Time: 46.948, F_no_retnorm_8_GPU_Bi_ret_12_synth_increase_gamma_along_layers_RetNet
Epoch: 6, Global Test CER: 0.0361
Epoch: 6, Train Loss: 2.443, Train CER: 0.0171, Test CER: 0.0361, Time: 46.741, F_no_retnorm_8_GPU_Bi_ret_12_synth_increase_gamma_along_layers_RetNet
Epoch: 7, Global Test CER: 0.0566
Epoch: 7, Train Loss: 2.440, Train CER: 0.0167, Test CER: 0.0566, Time: 48.893, F_no_retnorm_8_GPU_Bi_ret_12_synth_increase_gamma_along_layers_RetNet
Epoch: 8, Global Test CER: 0.0312
Epoch: 8, Train Loss: 2.438, Train CER: 0.0150, Test CER: 0.0312, Time: 48.298, F_no_retnorm_8_GPU_Bi_ret_12_synth_increase_gamma_along_layers_RetNet
Epoch: 9, Global Test CER: 0.0304
Epoch: 9, Train Loss: 2.436, Train CER: 0.0128, Test CER: 0.0304, Time: 67.971, F_no_retnorm_8_GPU_Bi_ret_12_synth_increase_gamma_along_layers_RetNet
Epoch: 10, Global Test CER: 0.0335
Epoch: 10, Train Loss: 2.435, Train CER: 0.0133, Test CER: 0.0335, Time: 46.864, F_no_retnorm_8_GPU_Bi_ret_12_synth_increase_gamma_along_layers_RetNet
Epoch: 11, Global Test CER: 0.0325
Epoch: 11, Train Loss: 2.434, Train CER: 0.0112, Test CER: 0.0325, Time: 45.864, F_no_retnorm_8_GPU_Bi_ret_12_synth_increase_gamma_along_layers_RetNet
Epoch: 12, Global Test CER: 0.0287
Epoch: 12, Train Loss: 2.433, Train CER: 0.0118, Test CER: 0.0287, Time: 49.339, F_no_retnorm_8_GPU_Bi_ret_12_synth_increase_gamma_along_layers_RetNet
Epoch: 13, Global Test CER: 0.0287
Epoch: 13, Train Loss: 2.432, Train CER: 0.0103, Test CER: 0.0287, Time: 46.557, F_no_retnorm_8_GPU_Bi_ret_12_synth_increase_gamma_along_layers_RetNet
Epoch: 14, Global Test CER: 0.0280
Epoch: 14, Train Loss: 2.431, Train CER: 0.0103, Test CER: 0.0280, Time: 47.589, F_no_retnorm_8_GPU_Bi_ret_12_synth_increase_gamma_along_layers_RetNet
Epoch: 15, Global Test CER: 0.0270
Epoch: 15, Train Loss: 2.430, Train CER: 0.0100, Test CER: 0.0270, Time: 68.576, F_no_retnorm_8_GPU_Bi_ret_12_synth_increase_gamma_along_layers_RetNet
Epoch: 16, Global Test CER: 0.0273
Epoch: 16, Train Loss: 2.429, Train CER: 0.0089, Test CER: 0.0273, Time: 47.362, F_no_retnorm_8_GPU_Bi_ret_12_synth_increase_gamma_along_layers_RetNet
Epoch: 17, Global Test CER: 0.0324
Epoch: 17, Train Loss: 2.428, Train CER: 0.0081, Test CER: 0.0324, Time: 57.987, F_no_retnorm_8_GPU_Bi_ret_12_synth_increase_gamma_along_layers_RetNet
Epoch: 18, Global Test CER: 0.0268
Epoch: 18, Train Loss: 2.428, Train CER: 0.0087, Test CER: 0.0268, Time: 51.206, F_no_retnorm_8_GPU_Bi_ret_12_synth_increase_gamma_along_layers_RetNet
Epoch: 19, Global Test CER: 0.0342
Epoch: 19, Train Loss: 2.427, Train CER: 0.0081, Test CER: 0.0342, Time: 47.836, F_no_retnorm_8_GPU_Bi_ret_12_synth_increase_gamma_along_layers_RetNet
Epoch: 20, Global Test CER: 0.0269
Epoch: 20, Train Loss: 2.427, Train CER: 0.0082, Test CER: 0.0269, Time: 47.762, F_no_retnorm_8_GPU_Bi_ret_12_synth_increase_gamma_along_layers_RetNet
Epoch: 21, Global Test CER: 0.0266
Epoch: 21, Train Loss: 2.426, Train CER: 0.0086, Test CER: 0.0266, Time: 48.232, F_no_retnorm_8_GPU_Bi_ret_12_synth_increase_gamma_along_layers_RetNet
Epoch: 22, Global Test CER: 0.0285
Epoch: 22, Train Loss: 2.425, Train CER: 0.0068, Test CER: 0.0285, Time: 48.260, F_no_retnorm_8_GPU_Bi_ret_12_synth_increase_gamma_along_layers_RetNet
Epoch: 23, Global Test CER: 0.0266
Epoch: 23, Train Loss: 2.425, Train CER: 0.0070, Test CER: 0.0266, Time: 48.865, F_no_retnorm_8_GPU_Bi_ret_12_synth_increase_gamma_along_layers_RetNet
Epoch: 24, Global Test CER: 0.0299
Epoch: 24, Train Loss: 2.424, Train CER: 0.0055, Test CER: 0.0299, Time: 49.173, F_no_retnorm_8_GPU_Bi_ret_12_synth_increase_gamma_along_layers_RetNet
Epoch: 25, Global Test CER: 0.0266
Epoch: 25, Train Loss: 2.424, Train CER: 0.0064, Test CER: 0.0266, Time: 49.470, F_no_retnorm_8_GPU_Bi_ret_12_synth_increase_gamma_along_layers_RetNet
Epoch: 26, Global Test CER: 0.0268
Epoch: 26, Train Loss: 2.424, Train CER: 0.0061, Test CER: 0.0268, Time: 48.911, F_no_retnorm_8_GPU_Bi_ret_12_synth_increase_gamma_along_layers_RetNet
Epoch: 27, Global Test CER: 0.0259
Epoch: 27, Train Loss: 2.423, Train CER: 0.0064, Test CER: 0.0259, Time: 51.656, F_no_retnorm_8_GPU_Bi_ret_12_synth_increase_gamma_along_layers_RetNet
Epoch: 28, Global Test CER: 0.0261
Epoch: 28, Train Loss: 2.423, Train CER: 0.0051, Test CER: 0.0261, Time: 49.175, F_no_retnorm_8_GPU_Bi_ret_12_synth_increase_gamma_along_layers_RetNet
Epoch: 29, Global Test CER: 0.0270
Epoch: 29, Train Loss: 2.423, Train CER: 0.0059, Test CER: 0.0270, Time: 50.506, F_no_retnorm_8_GPU_Bi_ret_12_synth_increase_gamma_along_layers_RetNet
Epoch: 30, Global Test CER: 0.0258
Epoch: 30, Train Loss: 2.423, Train CER: 0.0048, Test CER: 0.0258, Time: 54.377, F_no_retnorm_8_GPU_Bi_ret_12_synth_increase_gamma_along_layers_RetNet
Epoch: 31, Global Test CER: 0.0290
Epoch: 31, Train Loss: 2.422, Train CER: 0.0054, Test CER: 0.0290, Time: 48.821, F_no_retnorm_8_GPU_Bi_ret_12_synth_increase_gamma_along_layers_RetNet
Epoch: 32, Global Test CER: 0.0257
Epoch: 32, Train Loss: 2.422, Train CER: 0.0046, Test CER: 0.0257, Time: 49.613, F_no_retnorm_8_GPU_Bi_ret_12_synth_increase_gamma_along_layers_RetNet
Epoch: 33, Global Test CER: 0.0259
Epoch: 33, Train Loss: 2.422, Train CER: 0.0049, Test CER: 0.0259, Time: 48.866, F_no_retnorm_8_GPU_Bi_ret_12_synth_increase_gamma_along_layers_RetNet
Epoch: 34, Global Test CER: 0.0256
Epoch: 34, Train Loss: 2.421, Train CER: 0.0047, Test CER: 0.0256, Time: 49.674, F_no_retnorm_8_GPU_Bi_ret_12_synth_increase_gamma_along_layers_RetNet
Epoch: 35, Global Test CER: 0.0264
Epoch: 35, Train Loss: 2.422, Train CER: 0.0046, Test CER: 0.0264, Time: 49.473, F_no_retnorm_8_GPU_Bi_ret_12_synth_increase_gamma_along_layers_RetNet
Epoch: 36, Global Test CER: 0.0264
Epoch: 36, Train Loss: 2.421, Train CER: 0.0057, Test CER: 0.0264, Time: 48.838, F_no_retnorm_8_GPU_Bi_ret_12_synth_increase_gamma_along_layers_RetNet
Epoch: 37, Global Test CER: 0.0251
Epoch: 37, Train Loss: 2.421, Train CER: 0.0053, Test CER: 0.0251, Time: 49.911, F_no_retnorm_8_GPU_Bi_ret_12_synth_increase_gamma_along_layers_RetNet
Epoch: 38, Global Test CER: 0.0263
Epoch: 38, Train Loss: 2.421, Train CER: 0.0043, Test CER: 0.0263, Time: 48.964, F_no_retnorm_8_GPU_Bi_ret_12_synth_increase_gamma_along_layers_RetNet
Epoch: 39, Global Test CER: 0.0255
Epoch: 39, Train Loss: 2.420, Train CER: 0.0035, Test CER: 0.0255, Time: 48.991, F_no_retnorm_8_GPU_Bi_ret_12_synth_increase_gamma_along_layers_RetNet
Epoch: 40, Global Test CER: 0.0300
Epoch: 40, Train Loss: 2.421, Train CER: 0.0043, Test CER: 0.0300, Time: 48.869, F_no_retnorm_8_GPU_Bi_ret_12_synth_increase_gamma_along_layers_RetNet
Epoch: 41, Global Test CER: 0.0255
Epoch: 41, Train Loss: 2.420, Train CER: 0.0034, Test CER: 0.0255, Time: 48.928, F_no_retnorm_8_GPU_Bi_ret_12_synth_increase_gamma_along_layers_RetNet
Epoch: 42, Global Test CER: 0.0251
Epoch: 42, Train Loss: 2.420, Train CER: 0.0035, Test CER: 0.0251, Time: 49.014, F_no_retnorm_8_GPU_Bi_ret_12_synth_increase_gamma_along_layers_RetNet
Epoch: 43, Global Test CER: 0.0270
Epoch: 43, Train Loss: 2.420, Train CER: 0.0038, Test CER: 0.0270, Time: 48.613, F_no_retnorm_8_GPU_Bi_ret_12_synth_increase_gamma_along_layers_RetNet
Epoch: 44, Global Test CER: 0.0250
Epoch: 44, Train Loss: 2.420, Train CER: 0.0040, Test CER: 0.0250, Time: 49.549, F_no_retnorm_8_GPU_Bi_ret_12_synth_increase_gamma_along_layers_RetNet
Epoch: 45, Global Test CER: 0.0262
Epoch: 45, Train Loss: 2.419, Train CER: 0.0037, Test CER: 0.0262, Time: 49.028, F_no_retnorm_8_GPU_Bi_ret_12_synth_increase_gamma_along_layers_RetNet
Epoch: 46, Global Test CER: 0.0255
Epoch: 46, Train Loss: 2.419, Train CER: 0.0036, Test CER: 0.0255, Time: 49.082, F_no_retnorm_8_GPU_Bi_ret_12_synth_increase_gamma_along_layers_RetNet
Epoch: 47, Global Test CER: 0.0252
Epoch: 47, Train Loss: 2.419, Train CER: 0.0034, Test CER: 0.0252, Time: 47.621, F_no_retnorm_8_GPU_Bi_ret_12_synth_increase_gamma_along_layers_RetNet
Epoch: 48, Global Test CER: 0.0257
Epoch: 48, Train Loss: 2.419, Train CER: 0.0031, Test CER: 0.0257, Time: 48.459, F_no_retnorm_8_GPU_Bi_ret_12_synth_increase_gamma_along_layers_RetNet
Epoch: 49, Global Test CER: 0.0261
Epoch: 49, Train Loss: 2.419, Train CER: 0.0032, Test CER: 0.0261, Time: 48.634, F_no_retnorm_8_GPU_Bi_ret_12_synth_increase_gamma_along_layers_RetNet
Epoch: 50, Global Test CER: 0.0257
Epoch: 50, Train Loss: 2.419, Train CER: 0.0026, Test CER: 0.0257, Time: 48.782, F_no_retnorm_8_GPU_Bi_ret_12_synth_increase_gamma_along_layers_RetNet
Epoch: 51, Global Test CER: 0.0257
Epoch: 51, Train Loss: 2.419, Train CER: 0.0030, Test CER: 0.0257, Time: 48.797, F_no_retnorm_8_GPU_Bi_ret_12_synth_increase_gamma_along_layers_RetNet
Epoch: 52, Global Test CER: 0.0248
Epoch: 52, Train Loss: 2.419, Train CER: 0.0031, Test CER: 0.0248, Time: 49.506, F_no_retnorm_8_GPU_Bi_ret_12_synth_increase_gamma_along_layers_RetNet
Epoch: 53, Global Test CER: 0.0243
Epoch: 53, Train Loss: 2.419, Train CER: 0.0027, Test CER: 0.0243, Time: 48.880, F_no_retnorm_8_GPU_Bi_ret_12_synth_increase_gamma_along_layers_RetNet
Epoch: 54, Global Test CER: 0.0266
Epoch: 54, Train Loss: 2.419, Train CER: 0.0034, Test CER: 0.0266, Time: 48.941, F_no_retnorm_8_GPU_Bi_ret_12_synth_increase_gamma_along_layers_RetNet
Epoch: 55, Global Test CER: 0.0243
Epoch: 55, Train Loss: 2.418, Train CER: 0.0027, Test CER: 0.0243, Time: 58.726, F_no_retnorm_8_GPU_Bi_ret_12_synth_increase_gamma_along_layers_RetNet
Epoch: 56, Global Test CER: 0.0258
Epoch: 56, Train Loss: 2.418, Train CER: 0.0029, Test CER: 0.0258, Time: 49.299, F_no_retnorm_8_GPU_Bi_ret_12_synth_increase_gamma_along_layers_RetNet
Epoch: 57, Global Test CER: 0.0253
Epoch: 57, Train Loss: 2.419, Train CER: 0.0033, Test CER: 0.0253, Time: 48.899, F_no_retnorm_8_GPU_Bi_ret_12_synth_increase_gamma_along_layers_RetNet
Epoch: 58, Global Test CER: 0.0249
Epoch: 58, Train Loss: 2.418, Train CER: 0.0026, Test CER: 0.0249, Time: 49.063, F_no_retnorm_8_GPU_Bi_ret_12_synth_increase_gamma_along_layers_RetNet
Epoch: 59, Global Test CER: 0.0256
Epoch: 59, Train Loss: 2.418, Train CER: 0.0026, Test CER: 0.0256, Time: 49.157, F_no_retnorm_8_GPU_Bi_ret_12_synth_increase_gamma_along_layers_RetNet
Epoch: 60, Global Test CER: 0.0245
Epoch: 60, Train Loss: 2.418, Train CER: 0.0023, Test CER: 0.0245, Time: 47.867, F_no_retnorm_8_GPU_Bi_ret_12_synth_increase_gamma_along_layers_RetNet
Epoch: 61, Global Test CER: 0.0268
Epoch: 61, Train Loss: 2.418, Train CER: 0.0027, Test CER: 0.0268, Time: 48.804, F_no_retnorm_8_GPU_Bi_ret_12_synth_increase_gamma_along_layers_RetNet
Epoch: 62, Global Test CER: 0.0241
Epoch: 62, Train Loss: 2.418, Train CER: 0.0026, Test CER: 0.0241, Time: 49.102, F_no_retnorm_8_GPU_Bi_ret_12_synth_increase_gamma_along_layers_RetNet
Epoch: 63, Global Test CER: 0.0247
Epoch: 63, Train Loss: 2.418, Train CER: 0.0026, Test CER: 0.0247, Time: 48.653, F_no_retnorm_8_GPU_Bi_ret_12_synth_increase_gamma_along_layers_RetNet
Epoch: 64, Global Test CER: 0.0281
Epoch: 64, Train Loss: 2.418, Train CER: 0.0024, Test CER: 0.0281, Time: 49.298, F_no_retnorm_8_GPU_Bi_ret_12_synth_increase_gamma_along_layers_RetNet
Epoch: 65, Global Test CER: 0.0274
Epoch: 65, Train Loss: 2.418, Train CER: 0.0026, Test CER: 0.0274, Time: 49.098, F_no_retnorm_8_GPU_Bi_ret_12_synth_increase_gamma_along_layers_RetNet
Epoch: 66, Global Test CER: 0.0249
Epoch: 66, Train Loss: 2.417, Train CER: 0.0018, Test CER: 0.0249, Time: 49.149, F_no_retnorm_8_GPU_Bi_ret_12_synth_increase_gamma_along_layers_RetNet
Epoch: 67, Global Test CER: 0.0246
Epoch: 67, Train Loss: 2.418, Train CER: 0.0022, Test CER: 0.0246, Time: 49.124, F_no_retnorm_8_GPU_Bi_ret_12_synth_increase_gamma_along_layers_RetNet
Epoch: 68, Global Test CER: 0.0259
Epoch: 68, Train Loss: 2.417, Train CER: 0.0025, Test CER: 0.0259, Time: 48.601, F_no_retnorm_8_GPU_Bi_ret_12_synth_increase_gamma_along_layers_RetNet
Epoch: 69, Global Test CER: 0.1342
Epoch: 69, Train Loss: 2.417, Train CER: 0.0026, Test CER: 0.1342, Time: 47.939, F_no_retnorm_8_GPU_Bi_ret_12_synth_increase_gamma_along_layers_RetNet
Epoch: 70, Global Test CER: 0.0258
Epoch: 70, Train Loss: 2.418, Train CER: 0.0020, Test CER: 0.0258, Time: 48.241, F_no_retnorm_8_GPU_Bi_ret_12_synth_increase_gamma_along_layers_RetNet
Epoch: 71, Global Test CER: 0.0251
Epoch: 71, Train Loss: 2.417, Train CER: 0.0024, Test CER: 0.0251, Time: 48.830, F_no_retnorm_8_GPU_Bi_ret_12_synth_increase_gamma_along_layers_RetNet
Epoch: 72, Global Test CER: 0.0242
Epoch: 72, Train Loss: 2.417, Train CER: 0.0021, Test CER: 0.0242, Time: 49.560, F_no_retnorm_8_GPU_Bi_ret_12_synth_increase_gamma_along_layers_RetNet
Epoch: 73, Global Test CER: 0.0245
Epoch: 73, Train Loss: 2.417, Train CER: 0.0022, Test CER: 0.0245, Time: 49.495, F_no_retnorm_8_GPU_Bi_ret_12_synth_increase_gamma_along_layers_RetNet
Epoch: 74, Global Test CER: 0.0243
Epoch: 74, Train Loss: 2.417, Train CER: 0.0020, Test CER: 0.0243, Time: 49.258, F_no_retnorm_8_GPU_Bi_ret_12_synth_increase_gamma_along_layers_RetNet
Epoch: 75, Global Test CER: 0.0245
Epoch: 75, Train Loss: 2.417, Train CER: 0.0022, Test CER: 0.0245, Time: 48.975, F_no_retnorm_8_GPU_Bi_ret_12_synth_increase_gamma_along_layers_RetNet
Epoch: 76, Global Test CER: 0.0250
Epoch: 76, Train Loss: 2.417, Train CER: 0.0022, Test CER: 0.0250, Time: 48.592, F_no_retnorm_8_GPU_Bi_ret_12_synth_increase_gamma_along_layers_RetNet
Epoch: 77, Global Test CER: 0.0255
Epoch: 77, Train Loss: 2.417, Train CER: 0.0022, Test CER: 0.0255, Time: 47.267, F_no_retnorm_8_GPU_Bi_ret_12_synth_increase_gamma_along_layers_RetNet
Epoch: 78, Global Test CER: 0.0443
Epoch: 78, Train Loss: 2.417, Train CER: 0.0020, Test CER: 0.0443, Time: 47.026, F_no_retnorm_8_GPU_Bi_ret_12_synth_increase_gamma_along_layers_RetNet
Epoch: 79, Global Test CER: 0.0243
Epoch: 79, Train Loss: 2.417, Train CER: 0.0018, Test CER: 0.0243, Time: 48.089, F_no_retnorm_8_GPU_Bi_ret_12_synth_increase_gamma_along_layers_RetNet
Epoch: 80, Global Test CER: 0.0262
Epoch: 80, Train Loss: 2.417, Train CER: 0.0021, Test CER: 0.0262, Time: 48.267, F_no_retnorm_8_GPU_Bi_ret_12_synth_increase_gamma_along_layers_RetNet
Epoch: 81, Global Test CER: 0.0242
Epoch: 81, Train Loss: 2.417, Train CER: 0.0020, Test CER: 0.0242, Time: 73.453, F_no_retnorm_8_GPU_Bi_ret_12_synth_increase_gamma_along_layers_RetNet
Epoch: 82, Global Test CER: 0.0254
Epoch: 82, Train Loss: 2.417, Train CER: 0.0016, Test CER: 0.0254, Time: 48.564, F_no_retnorm_8_GPU_Bi_ret_12_synth_increase_gamma_along_layers_RetNet
Epoch: 83, Global Test CER: 0.0263
Epoch: 83, Train Loss: 2.417, Train CER: 0.0016, Test CER: 0.0263, Time: 48.186, F_no_retnorm_8_GPU_Bi_ret_12_synth_increase_gamma_along_layers_RetNet
Epoch: 84, Global Test CER: 0.0245
Epoch: 84, Train Loss: 2.416, Train CER: 0.0017, Test CER: 0.0245, Time: 71.575, F_no_retnorm_8_GPU_Bi_ret_12_synth_increase_gamma_along_layers_RetNet
Epoch: 85, Global Test CER: 0.0253
Epoch: 85, Train Loss: 2.417, Train CER: 0.0020, Test CER: 0.0253, Time: 48.722, F_no_retnorm_8_GPU_Bi_ret_12_synth_increase_gamma_along_layers_RetNet
Epoch: 86, Global Test CER: 0.0290
Epoch: 86, Train Loss: 2.416, Train CER: 0.0017, Test CER: 0.0290, Time: 48.046, F_no_retnorm_8_GPU_Bi_ret_12_synth_increase_gamma_along_layers_RetNet
Epoch: 87, Global Test CER: 0.0235
Epoch: 87, Train Loss: 2.416, Train CER: 0.0018, Test CER: 0.0235, Time: 49.080, F_no_retnorm_8_GPU_Bi_ret_12_synth_increase_gamma_along_layers_RetNet
Epoch: 88, Global Test CER: 0.0947
Epoch: 88, Train Loss: 2.416, Train CER: 0.0017, Test CER: 0.0947, Time: 48.365, F_no_retnorm_8_GPU_Bi_ret_12_synth_increase_gamma_along_layers_RetNet
Epoch: 89, Global Test CER: 0.0267
Epoch: 89, Train Loss: 2.416, Train CER: 0.0017, Test CER: 0.0267, Time: 48.194, F_no_retnorm_8_GPU_Bi_ret_12_synth_increase_gamma_along_layers_RetNet
Epoch: 90, Global Test CER: 0.0249
Epoch: 90, Train Loss: 2.416, Train CER: 0.0015, Test CER: 0.0249, Time: 49.058, F_no_retnorm_8_GPU_Bi_ret_12_synth_increase_gamma_along_layers_RetNet
Epoch: 91, Global Test CER: 0.0248
Epoch: 91, Train Loss: 2.416, Train CER: 0.0018, Test CER: 0.0248, Time: 66.869, F_no_retnorm_8_GPU_Bi_ret_12_synth_increase_gamma_along_layers_RetNet
Epoch: 92, Global Test CER: 0.0231
Epoch: 92, Train Loss: 2.416, Train CER: 0.0016, Test CER: 0.0231, Time: 49.093, F_no_retnorm_8_GPU_Bi_ret_12_synth_increase_gamma_along_layers_RetNet
Epoch: 93, Global Test CER: 0.0251
Epoch: 93, Train Loss: 2.416, Train CER: 0.0012, Test CER: 0.0251, Time: 48.485, F_no_retnorm_8_GPU_Bi_ret_12_synth_increase_gamma_along_layers_RetNet
Epoch: 94, Global Test CER: 0.0245
Epoch: 94, Train Loss: 2.416, Train CER: 0.0018, Test CER: 0.0245, Time: 48.872, F_no_retnorm_8_GPU_Bi_ret_12_synth_increase_gamma_along_layers_RetNet
Epoch: 95, Global Test CER: 0.0236
Epoch: 95, Train Loss: 2.416, Train CER: 0.0012, Test CER: 0.0236, Time: 48.458, F_no_retnorm_8_GPU_Bi_ret_12_synth_increase_gamma_along_layers_RetNet
Epoch: 96, Global Test CER: 0.0244
Epoch: 96, Train Loss: 2.416, Train CER: 0.0020, Test CER: 0.0244, Time: 49.002, F_no_retnorm_8_GPU_Bi_ret_12_synth_increase_gamma_along_layers_RetNet
Epoch: 97, Global Test CER: 0.0240
Epoch: 97, Train Loss: 2.416, Train CER: 0.0018, Test CER: 0.0240, Time: 46.338, F_no_retnorm_8_GPU_Bi_ret_12_synth_increase_gamma_along_layers_RetNet
Epoch: 98, Global Test CER: 0.0258
Epoch: 98, Train Loss: 2.416, Train CER: 0.0013, Test CER: 0.0258, Time: 57.862, F_no_retnorm_8_GPU_Bi_ret_12_synth_increase_gamma_along_layers_RetNet
Epoch: 99, Global Test CER: 0.0252
Epoch: 99, Train Loss: 2.416, Train CER: 0.0014, Test CER: 0.0252, Time: 48.556, F_no_retnorm_8_GPU_Bi_ret_12_synth_increase_gamma_along_layers_RetNet
Epoch: 100, Global Test CER: 0.0240
Epoch: 100, Train Loss: 2.416, Train CER: 0.0016, Test CER: 0.0240, Time: 46.836, F_no_retnorm_8_GPU_Bi_ret_12_synth_increase_gamma_along_layers_RetNet
Epoch: 101, Global Test CER: 0.0254
Epoch: 101, Train Loss: 2.416, Train CER: 0.0014, Test CER: 0.0254, Time: 53.905, F_no_retnorm_8_GPU_Bi_ret_12_synth_increase_gamma_along_layers_RetNet
Epoch: 102, Global Test CER: 0.0253
Epoch: 102, Train Loss: 2.416, Train CER: 0.0017, Test CER: 0.0253, Time: 48.738, F_no_retnorm_8_GPU_Bi_ret_12_synth_increase_gamma_along_layers_RetNet
Epoch: 103, Global Test CER: 0.0252
Epoch: 103, Train Loss: 2.416, Train CER: 0.0012, Test CER: 0.0252, Time: 48.020, F_no_retnorm_8_GPU_Bi_ret_12_synth_increase_gamma_along_layers_RetNet
Epoch: 104, Global Test CER: 0.0248
Epoch: 104, Train Loss: 2.416, Train CER: 0.0010, Test CER: 0.0248, Time: 47.886, F_no_retnorm_8_GPU_Bi_ret_12_synth_increase_gamma_along_layers_RetNet
Epoch: 105, Global Test CER: 0.0249
Epoch: 105, Train Loss: 2.416, Train CER: 0.0014, Test CER: 0.0249, Time: 46.714, F_no_retnorm_8_GPU_Bi_ret_12_synth_increase_gamma_along_layers_RetNet
Epoch: 106, Global Test CER: 0.0246
Epoch: 106, Train Loss: 2.416, Train CER: 0.0014, Test CER: 0.0246, Time: 48.986, F_no_retnorm_8_GPU_Bi_ret_12_synth_increase_gamma_along_layers_RetNet
Epoch: 107, Global Test CER: 0.0274
Epoch: 107, Train Loss: 2.416, Train CER: 0.0017, Test CER: 0.0274, Time: 48.246, F_no_retnorm_8_GPU_Bi_ret_12_synth_increase_gamma_along_layers_RetNet
Epoch: 108, Global Test CER: 0.0254
Epoch: 108, Train Loss: 2.416, Train CER: 0.0013, Test CER: 0.0254, Time: 46.746, F_no_retnorm_8_GPU_Bi_ret_12_synth_increase_gamma_along_layers_RetNet
Epoch: 109, Global Test CER: 0.0256
Epoch: 109, Train Loss: 2.416, Train CER: 0.0016, Test CER: 0.0256, Time: 47.917, F_no_retnorm_8_GPU_Bi_ret_12_synth_increase_gamma_along_layers_RetNet
Epoch: 110, Global Test CER: 0.0244
Epoch: 110, Train Loss: 2.416, Train CER: 0.0015, Test CER: 0.0244, Time: 48.589, F_no_retnorm_8_GPU_Bi_ret_12_synth_increase_gamma_along_layers_RetNet
Epoch: 111, Global Test CER: 0.0238
Epoch: 111, Train Loss: 2.416, Train CER: 0.0014, Test CER: 0.0238, Time: 48.377, F_no_retnorm_8_GPU_Bi_ret_12_synth_increase_gamma_along_layers_RetNet
Epoch: 112, Global Test CER: 0.0245
Epoch: 112, Train Loss: 2.416, Train CER: 0.0017, Test CER: 0.0245, Time: 46.731, F_no_retnorm_8_GPU_Bi_ret_12_synth_increase_gamma_along_layers_RetNet
Epoch: 113, Global Test CER: 0.0239
Epoch: 113, Train Loss: 2.416, Train CER: 0.0013, Test CER: 0.0239, Time: 47.979, F_no_retnorm_8_GPU_Bi_ret_12_synth_increase_gamma_along_layers_RetNet
Epoch: 114, Global Test CER: 0.0244
Epoch: 114, Train Loss: 2.416, Train CER: 0.0010, Test CER: 0.0244, Time: 53.683, F_no_retnorm_8_GPU_Bi_ret_12_synth_increase_gamma_along_layers_RetNet
Epoch: 115, Global Test CER: 0.0238
Epoch: 115, Train Loss: 2.416, Train CER: 0.0012, Test CER: 0.0238, Time: 46.514, F_no_retnorm_8_GPU_Bi_ret_12_synth_increase_gamma_along_layers_RetNet
Epoch: 116, Global Test CER: 0.0247
Epoch: 116, Train Loss: 2.415, Train CER: 0.0010, Test CER: 0.0247, Time: 47.633, F_no_retnorm_8_GPU_Bi_ret_12_synth_increase_gamma_along_layers_RetNet
Epoch: 117, Global Test CER: 0.0237
Epoch: 117, Train Loss: 2.416, Train CER: 0.0011, Test CER: 0.0237, Time: 45.740, F_no_retnorm_8_GPU_Bi_ret_12_synth_increase_gamma_along_layers_RetNet
Epoch: 118, Global Test CER: 0.0237
Epoch: 118, Train Loss: 2.415, Train CER: 0.0013, Test CER: 0.0237, Time: 46.725, F_no_retnorm_8_GPU_Bi_ret_12_synth_increase_gamma_along_layers_RetNet
Epoch: 119, Global Test CER: 0.0540
Epoch: 119, Train Loss: 2.415, Train CER: 0.0010, Test CER: 0.0540, Time: 47.054, F_no_retnorm_8_GPU_Bi_ret_12_synth_increase_gamma_along_layers_RetNet
Epoch: 120, Global Test CER: 0.0255
Epoch: 120, Train Loss: 2.415, Train CER: 0.0010, Test CER: 0.0255, Time: 66.353, F_no_retnorm_8_GPU_Bi_ret_12_synth_increase_gamma_along_layers_RetNet
Epoch: 121, Global Test CER: 0.0261
Epoch: 121, Train Loss: 2.415, Train CER: 0.0013, Test CER: 0.0261, Time: 46.411, F_no_retnorm_8_GPU_Bi_ret_12_synth_increase_gamma_along_layers_RetNet
Epoch: 122, Global Test CER: 0.0238
Epoch: 122, Train Loss: 2.415, Train CER: 0.0013, Test CER: 0.0238, Time: 47.826, F_no_retnorm_8_GPU_Bi_ret_12_synth_increase_gamma_along_layers_RetNet
Epoch: 123, Global Test CER: 0.0249
Epoch: 123, Train Loss: 2.415, Train CER: 0.0015, Test CER: 0.0249, Time: 46.599, F_no_retnorm_8_GPU_Bi_ret_12_synth_increase_gamma_along_layers_RetNet
Epoch: 124, Global Test CER: 0.0242
Epoch: 124, Train Loss: 2.415, Train CER: 0.0011, Test CER: 0.0242, Time: 46.032, F_no_retnorm_8_GPU_Bi_ret_12_synth_increase_gamma_along_layers_RetNet
Epoch: 125, Global Test CER: 0.0240
Epoch: 125, Train Loss: 2.415, Train CER: 0.0011, Test CER: 0.0240, Time: 45.748, F_no_retnorm_8_GPU_Bi_ret_12_synth_increase_gamma_along_layers_RetNet
Epoch: 126, Global Test CER: 0.0236
Epoch: 126, Train Loss: 2.415, Train CER: 0.0009, Test CER: 0.0236, Time: 46.954, F_no_retnorm_8_GPU_Bi_ret_12_synth_increase_gamma_along_layers_RetNet
Epoch: 127, Global Test CER: 0.0280
Epoch: 127, Train Loss: 2.415, Train CER: 0.0012, Test CER: 0.0280, Time: 45.640, F_no_retnorm_8_GPU_Bi_ret_12_synth_increase_gamma_along_layers_RetNet
Epoch: 128, Global Test CER: 0.0247
Epoch: 128, Train Loss: 2.415, Train CER: 0.0011, Test CER: 0.0247, Time: 48.303, F_no_retnorm_8_GPU_Bi_ret_12_synth_increase_gamma_along_layers_RetNet
Epoch: 129, Global Test CER: 0.0243
Epoch: 129, Train Loss: 2.415, Train CER: 0.0007, Test CER: 0.0243, Time: 45.551, F_no_retnorm_8_GPU_Bi_ret_12_synth_increase_gamma_along_layers_RetNet
Epoch: 130, Global Test CER: 0.0243
Epoch: 130, Train Loss: 2.415, Train CER: 0.0008, Test CER: 0.0243, Time: 48.112, F_no_retnorm_8_GPU_Bi_ret_12_synth_increase_gamma_along_layers_RetNet
Epoch: 131, Global Test CER: 0.0252
Epoch: 131, Train Loss: 2.415, Train CER: 0.0010, Test CER: 0.0252, Time: 68.304, F_no_retnorm_8_GPU_Bi_ret_12_synth_increase_gamma_along_layers_RetNet
Epoch: 132, Global Test CER: 0.0248
Epoch: 132, Train Loss: 2.415, Train CER: 0.0011, Test CER: 0.0248, Time: 45.190, F_no_retnorm_8_GPU_Bi_ret_12_synth_increase_gamma_along_layers_RetNet
Epoch: 133, Global Test CER: 0.0689
Epoch: 133, Train Loss: 2.415, Train CER: 0.0013, Test CER: 0.0689, Time: 46.506, F_no_retnorm_8_GPU_Bi_ret_12_synth_increase_gamma_along_layers_RetNet
Epoch: 134, Global Test CER: 0.1351
Epoch: 134, Train Loss: 2.415, Train CER: 0.0010, Test CER: 0.1351, Time: 47.782, F_no_retnorm_8_GPU_Bi_ret_12_synth_increase_gamma_along_layers_RetNet
Epoch: 135, Global Test CER: 0.0250
Epoch: 135, Train Loss: 2.415, Train CER: 0.0012, Test CER: 0.0250, Time: 52.290, F_no_retnorm_8_GPU_Bi_ret_12_synth_increase_gamma_along_layers_RetNet
Epoch: 136, Global Test CER: 0.0246
Epoch: 136, Train Loss: 2.415, Train CER: 0.0010, Test CER: 0.0246, Time: 49.078, F_no_retnorm_8_GPU_Bi_ret_12_synth_increase_gamma_along_layers_RetNet
Epoch: 137, Global Test CER: 0.0836
Epoch: 137, Train Loss: 2.415, Train CER: 0.0010, Test CER: 0.0836, Time: 48.043, F_no_retnorm_8_GPU_Bi_ret_12_synth_increase_gamma_along_layers_RetNet
Epoch: 138, Global Test CER: 0.0250
Epoch: 138, Train Loss: 2.415, Train CER: 0.0013, Test CER: 0.0250, Time: 44.691, F_no_retnorm_8_GPU_Bi_ret_12_synth_increase_gamma_along_layers_RetNet
Epoch: 139, Global Test CER: 0.0241
Epoch: 139, Train Loss: 2.415, Train CER: 0.0008, Test CER: 0.0241, Time: 44.238, F_no_retnorm_8_GPU_Bi_ret_12_synth_increase_gamma_along_layers_RetNet
Epoch: 140, Global Test CER: 0.0244
Epoch: 140, Train Loss: 2.415, Train CER: 0.0011, Test CER: 0.0244, Time: 44.228, F_no_retnorm_8_GPU_Bi_ret_12_synth_increase_gamma_along_layers_RetNet
Epoch: 141, Global Test CER: 0.0245
Epoch: 141, Train Loss: 2.415, Train CER: 0.0008, Test CER: 0.0245, Time: 45.877, F_no_retnorm_8_GPU_Bi_ret_12_synth_increase_gamma_along_layers_RetNet
Epoch: 142, Global Test CER: 0.0246
Epoch: 142, Train Loss: 2.415, Train CER: 0.0012, Test CER: 0.0246, Time: 44.149, F_no_retnorm_8_GPU_Bi_ret_12_synth_increase_gamma_along_layers_RetNet
Epoch: 143, Global Test CER: 0.0243
Epoch: 143, Train Loss: 2.415, Train CER: 0.0009, Test CER: 0.0243, Time: 48.933, F_no_retnorm_8_GPU_Bi_ret_12_synth_increase_gamma_along_layers_RetNet
Epoch: 144, Global Test CER: 0.0243
Epoch: 144, Train Loss: 2.415, Train CER: 0.0011, Test CER: 0.0243, Time: 46.158, F_no_retnorm_8_GPU_Bi_ret_12_synth_increase_gamma_along_layers_RetNet
Epoch: 145, Global Test CER: 0.0246
Epoch: 145, Train Loss: 2.415, Train CER: 0.0009, Test CER: 0.0246, Time: 61.262, F_no_retnorm_8_GPU_Bi_ret_12_synth_increase_gamma_along_layers_RetNet
Epoch: 146, Global Test CER: 0.0609
Epoch: 146, Train Loss: 2.415, Train CER: 0.0012, Test CER: 0.0609, Time: 47.304, F_no_retnorm_8_GPU_Bi_ret_12_synth_increase_gamma_along_layers_RetNet
Epoch: 147, Global Test CER: 0.0249
Epoch: 147, Train Loss: 2.415, Train CER: 0.0008, Test CER: 0.0249, Time: 44.492, F_no_retnorm_8_GPU_Bi_ret_12_synth_increase_gamma_along_layers_RetNet
Epoch: 148, Global Test CER: 0.0244
Epoch: 148, Train Loss: 2.415, Train CER: 0.0008, Test CER: 0.0244, Time: 45.062, F_no_retnorm_8_GPU_Bi_ret_12_synth_increase_gamma_along_layers_RetNet
Epoch: 149, Global Test CER: 0.0246
Epoch: 149, Train Loss: 2.415, Train CER: 0.0011, Test CER: 0.0246, Time: 44.879, F_no_retnorm_8_GPU_Bi_ret_12_synth_increase_gamma_along_layers_RetNet
Epoch: 150, Global Test CER: 0.0248
Epoch: 150, Train Loss: 2.415, Train CER: 0.0009, Test CER: 0.0248, Time: 49.854, F_no_retnorm_8_GPU_Bi_ret_12_synth_increase_gamma_along_layers_RetNet
Epoch: 151, Global Test CER: 0.0244
Epoch: 151, Train Loss: 2.415, Train CER: 0.0012, Test CER: 0.0244, Time: 44.168, F_no_retnorm_8_GPU_Bi_ret_12_synth_increase_gamma_along_layers_RetNet
Epoch: 152, Global Test CER: 0.0249
Epoch: 152, Train Loss: 2.415, Train CER: 0.0008, Test CER: 0.0249, Time: 43.235, F_no_retnorm_8_GPU_Bi_ret_12_synth_increase_gamma_along_layers_RetNet
Epoch: 153, Global Test CER: 0.0238
Epoch: 153, Train Loss: 2.415, Train CER: 0.0009, Test CER: 0.0238, Time: 44.187, F_no_retnorm_8_GPU_Bi_ret_12_synth_increase_gamma_along_layers_RetNet
Epoch: 154, Global Test CER: 0.0239
Epoch: 154, Train Loss: 2.415, Train CER: 0.0014, Test CER: 0.0239, Time: 45.928, F_no_retnorm_8_GPU_Bi_ret_12_synth_increase_gamma_along_layers_RetNet
Epoch: 155, Global Test CER: 0.0244
Epoch: 155, Train Loss: 2.415, Train CER: 0.0006, Test CER: 0.0244, Time: 47.565, F_no_retnorm_8_GPU_Bi_ret_12_synth_increase_gamma_along_layers_RetNet
Epoch: 156, Global Test CER: 0.0240
Epoch: 156, Train Loss: 2.415, Train CER: 0.0011, Test CER: 0.0240, Time: 44.469, F_no_retnorm_8_GPU_Bi_ret_12_synth_increase_gamma_along_layers_RetNet
Epoch: 157, Global Test CER: 0.0251
Epoch: 157, Train Loss: 2.415, Train CER: 0.0010, Test CER: 0.0251, Time: 50.211, F_no_retnorm_8_GPU_Bi_ret_12_synth_increase_gamma_along_layers_RetNet
Epoch: 158, Global Test CER: 0.0251
Epoch: 158, Train Loss: 2.415, Train CER: 0.0008, Test CER: 0.0251, Time: 45.868, F_no_retnorm_8_GPU_Bi_ret_12_synth_increase_gamma_along_layers_RetNet
Epoch: 159, Global Test CER: 0.0234
Epoch: 159, Train Loss: 2.415, Train CER: 0.0010, Test CER: 0.0234, Time: 45.652, F_no_retnorm_8_GPU_Bi_ret_12_synth_increase_gamma_along_layers_RetNet
Epoch: 160, Global Test CER: 0.0242
Epoch: 160, Train Loss: 2.415, Train CER: 0.0012, Test CER: 0.0242, Time: 62.256, F_no_retnorm_8_GPU_Bi_ret_12_synth_increase_gamma_along_layers_RetNet
Epoch: 161, Global Test CER: 0.0244
Epoch: 161, Train Loss: 2.415, Train CER: 0.0011, Test CER: 0.0244, Time: 45.484, F_no_retnorm_8_GPU_Bi_ret_12_synth_increase_gamma_along_layers_RetNet
Epoch: 162, Global Test CER: 0.0235
Epoch: 162, Train Loss: 2.415, Train CER: 0.0007, Test CER: 0.0235, Time: 44.691, F_no_retnorm_8_GPU_Bi_ret_12_synth_increase_gamma_along_layers_RetNet
Epoch: 163, Global Test CER: 0.0241
Epoch: 163, Train Loss: 2.415, Train CER: 0.0008, Test CER: 0.0241, Time: 45.526, F_no_retnorm_8_GPU_Bi_ret_12_synth_increase_gamma_along_layers_RetNet
Epoch: 164, Global Test CER: 0.0245
Epoch: 164, Train Loss: 2.415, Train CER: 0.0011, Test CER: 0.0245, Time: 45.103, F_no_retnorm_8_GPU_Bi_ret_12_synth_increase_gamma_along_layers_RetNet
Epoch: 165, Global Test CER: 0.0237
Epoch: 165, Train Loss: 2.415, Train CER: 0.0008, Test CER: 0.0237, Time: 45.702, F_no_retnorm_8_GPU_Bi_ret_12_synth_increase_gamma_along_layers_RetNet
Epoch: 166, Global Test CER: 0.0241
Epoch: 166, Train Loss: 2.415, Train CER: 0.0010, Test CER: 0.0241, Time: 44.757, F_no_retnorm_8_GPU_Bi_ret_12_synth_increase_gamma_along_layers_RetNet
Epoch: 167, Global Test CER: 0.0249
Epoch: 167, Train Loss: 2.415, Train CER: 0.0010, Test CER: 0.0249, Time: 59.555, F_no_retnorm_8_GPU_Bi_ret_12_synth_increase_gamma_along_layers_RetNet
Epoch: 168, Global Test CER: 0.0246
Epoch: 168, Train Loss: 2.415, Train CER: 0.0010, Test CER: 0.0246, Time: 44.073, F_no_retnorm_8_GPU_Bi_ret_12_synth_increase_gamma_along_layers_RetNet
Epoch: 169, Global Test CER: 0.0251
Epoch: 169, Train Loss: 2.415, Train CER: 0.0007, Test CER: 0.0251, Time: 60.763, F_no_retnorm_8_GPU_Bi_ret_12_synth_increase_gamma_along_layers_RetNet
Epoch: 170, Global Test CER: 0.0244
Epoch: 170, Train Loss: 2.415, Train CER: 0.0008, Test CER: 0.0244, Time: 43.778, F_no_retnorm_8_GPU_Bi_ret_12_synth_increase_gamma_along_layers_RetNet
Epoch: 171, Global Test CER: 0.0243
Epoch: 171, Train Loss: 2.415, Train CER: 0.0008, Test CER: 0.0243, Time: 43.473, F_no_retnorm_8_GPU_Bi_ret_12_synth_increase_gamma_along_layers_RetNet
Epoch: 172, Global Test CER: 0.0251
Epoch: 172, Train Loss: 2.415, Train CER: 0.0011, Test CER: 0.0251, Time: 46.299, F_no_retnorm_8_GPU_Bi_ret_12_synth_increase_gamma_along_layers_RetNet
Epoch: 173, Global Test CER: 0.0242
Epoch: 173, Train Loss: 2.415, Train CER: 0.0008, Test CER: 0.0242, Time: 59.789, F_no_retnorm_8_GPU_Bi_ret_12_synth_increase_gamma_along_layers_RetNet
Epoch: 174, Global Test CER: 0.0239
Epoch: 174, Train Loss: 2.415, Train CER: 0.0009, Test CER: 0.0239, Time: 45.323, F_no_retnorm_8_GPU_Bi_ret_12_synth_increase_gamma_along_layers_RetNet
Epoch: 175, Global Test CER: 0.0251
Epoch: 175, Train Loss: 2.415, Train CER: 0.0009, Test CER: 0.0251, Time: 48.904, F_no_retnorm_8_GPU_Bi_ret_12_synth_increase_gamma_along_layers_RetNet
Epoch: 176, Global Test CER: 0.0244
Epoch: 176, Train Loss: 2.415, Train CER: 0.0007, Test CER: 0.0244, Time: 43.758, F_no_retnorm_8_GPU_Bi_ret_12_synth_increase_gamma_along_layers_RetNet
Epoch: 177, Global Test CER: 0.0240
Epoch: 177, Train Loss: 2.415, Train CER: 0.0008, Test CER: 0.0240, Time: 43.117, F_no_retnorm_8_GPU_Bi_ret_12_synth_increase_gamma_along_layers_RetNet
Epoch: 178, Global Test CER: 0.0245
Epoch: 178, Train Loss: 2.415, Train CER: 0.0009, Test CER: 0.0245, Time: 43.711, F_no_retnorm_8_GPU_Bi_ret_12_synth_increase_gamma_along_layers_RetNet
Epoch: 179, Global Test CER: 0.0250
Epoch: 179, Train Loss: 2.415, Train CER: 0.0009, Test CER: 0.0250, Time: 43.626, F_no_retnorm_8_GPU_Bi_ret_12_synth_increase_gamma_along_layers_RetNet
Epoch: 180, Global Test CER: 0.0254
Epoch: 180, Train Loss: 2.415, Train CER: 0.0010, Test CER: 0.0254, Time: 44.563, F_no_retnorm_8_GPU_Bi_ret_12_synth_increase_gamma_along_layers_RetNet
Epoch: 181, Global Test CER: 0.0237
Epoch: 181, Train Loss: 2.414, Train CER: 0.0007, Test CER: 0.0237, Time: 44.398, F_no_retnorm_8_GPU_Bi_ret_12_synth_increase_gamma_along_layers_RetNet
Epoch: 182, Global Test CER: 0.0237
Epoch: 182, Train Loss: 2.415, Train CER: 0.0009, Test CER: 0.0237, Time: 44.435, F_no_retnorm_8_GPU_Bi_ret_12_synth_increase_gamma_along_layers_RetNet
Epoch: 183, Global Test CER: 0.0241
Epoch: 183, Train Loss: 2.415, Train CER: 0.0008, Test CER: 0.0241, Time: 43.615, F_no_retnorm_8_GPU_Bi_ret_12_synth_increase_gamma_along_layers_RetNet
Epoch: 184, Global Test CER: 0.0250
Epoch: 184, Train Loss: 2.414, Train CER: 0.0008, Test CER: 0.0250, Time: 61.788, F_no_retnorm_8_GPU_Bi_ret_12_synth_increase_gamma_along_layers_RetNet
Epoch: 185, Global Test CER: 0.0245
Epoch: 185, Train Loss: 2.415, Train CER: 0.0009, Test CER: 0.0245, Time: 43.401, F_no_retnorm_8_GPU_Bi_ret_12_synth_increase_gamma_along_layers_RetNet
Epoch: 186, Global Test CER: 0.0243
Epoch: 186, Train Loss: 2.414, Train CER: 0.0008, Test CER: 0.0243, Time: 43.891, F_no_retnorm_8_GPU_Bi_ret_12_synth_increase_gamma_along_layers_RetNet
Epoch: 187, Global Test CER: 0.0246
Epoch: 187, Train Loss: 2.414, Train CER: 0.0009, Test CER: 0.0246, Time: 44.071, F_no_retnorm_8_GPU_Bi_ret_12_synth_increase_gamma_along_layers_RetNet
Epoch: 188, Global Test CER: 0.0238
Epoch: 188, Train Loss: 2.415, Train CER: 0.0007, Test CER: 0.0238, Time: 43.609, F_no_retnorm_8_GPU_Bi_ret_12_synth_increase_gamma_along_layers_RetNet
Epoch: 189, Global Test CER: 0.0243
Epoch: 189, Train Loss: 2.414, Train CER: 0.0010, Test CER: 0.0243, Time: 42.917, F_no_retnorm_8_GPU_Bi_ret_12_synth_increase_gamma_along_layers_RetNet
Epoch: 190, Global Test CER: 0.0241
Epoch: 190, Train Loss: 2.414, Train CER: 0.0009, Test CER: 0.0241, Time: 44.252, F_no_retnorm_8_GPU_Bi_ret_12_synth_increase_gamma_along_layers_RetNet
Epoch: 191, Global Test CER: 0.0242
Epoch: 191, Train Loss: 2.414, Train CER: 0.0007, Test CER: 0.0242, Time: 44.172, F_no_retnorm_8_GPU_Bi_ret_12_synth_increase_gamma_along_layers_RetNet
Epoch: 192, Global Test CER: 0.0242
Epoch: 192, Train Loss: 2.415, Train CER: 0.0011, Test CER: 0.0242, Time: 58.863, F_no_retnorm_8_GPU_Bi_ret_12_synth_increase_gamma_along_layers_RetNet
Epoch: 193, Global Test CER: 0.0240
Epoch: 193, Train Loss: 2.414, Train CER: 0.0007, Test CER: 0.0240, Time: 46.129, F_no_retnorm_8_GPU_Bi_ret_12_synth_increase_gamma_along_layers_RetNet
Epoch: 194, Global Test CER: 0.0238
Epoch: 194, Train Loss: 2.414, Train CER: 0.0006, Test CER: 0.0238, Time: 43.717, F_no_retnorm_8_GPU_Bi_ret_12_synth_increase_gamma_along_layers_RetNet
Epoch: 195, Global Test CER: 0.0237
Epoch: 195, Train Loss: 2.414, Train CER: 0.0006, Test CER: 0.0237, Time: 44.963, F_no_retnorm_8_GPU_Bi_ret_12_synth_increase_gamma_along_layers_RetNet
Epoch: 196, Global Test CER: 0.0237
Epoch: 196, Train Loss: 2.414, Train CER: 0.0009, Test CER: 0.0237, Time: 43.266, F_no_retnorm_8_GPU_Bi_ret_12_synth_increase_gamma_along_layers_RetNet
Epoch: 197, Global Test CER: 0.0239
Epoch: 197, Train Loss: 2.414, Train CER: 0.0008, Test CER: 0.0239, Time: 44.751, F_no_retnorm_8_GPU_Bi_ret_12_synth_increase_gamma_along_layers_RetNet
Epoch: 198, Global Test CER: 0.0245
Epoch: 198, Train Loss: 2.414, Train CER: 0.0006, Test CER: 0.0245, Time: 43.411, F_no_retnorm_8_GPU_Bi_ret_12_synth_increase_gamma_along_layers_RetNet
Epoch: 199, Global Test CER: 0.0258
Epoch: 199, Train Loss: 2.414, Train CER: 0.0009, Test CER: 0.0258, Time: 42.697, F_no_retnorm_8_GPU_Bi_ret_12_synth_increase_gamma_along_layers_RetNet
Epoch: 200, Global Test CER: 0.0247
Epoch: 200, Train Loss: 2.414, Train CER: 0.0005, Test CER: 0.0247, Time: 43.276, F_no_retnorm_8_GPU_Bi_ret_12_synth_increase_gamma_along_layers_RetNet
Epoch: 201, Global Test CER: 0.0245
Epoch: 201, Train Loss: 2.414, Train CER: 0.0007, Test CER: 0.0245, Time: 51.445, F_no_retnorm_8_GPU_Bi_ret_12_synth_increase_gamma_along_layers_RetNet
Epoch: 202, Global Test CER: 0.0251
Epoch: 202, Train Loss: 2.414, Train CER: 0.0007, Test CER: 0.0251, Time: 43.387, F_no_retnorm_8_GPU_Bi_ret_12_synth_increase_gamma_along_layers_RetNet
Epoch: 203, Global Test CER: 0.0243
Epoch: 203, Train Loss: 2.414, Train CER: 0.0010, Test CER: 0.0243, Time: 43.415, F_no_retnorm_8_GPU_Bi_ret_12_synth_increase_gamma_along_layers_RetNet
Epoch: 204, Global Test CER: 0.0245
Epoch: 204, Train Loss: 2.414, Train CER: 0.0007, Test CER: 0.0245, Time: 44.362, F_no_retnorm_8_GPU_Bi_ret_12_synth_increase_gamma_along_layers_RetNet
Epoch: 205, Global Test CER: 0.0236
Epoch: 205, Train Loss: 2.414, Train CER: 0.0006, Test CER: 0.0236, Time: 43.210, F_no_retnorm_8_GPU_Bi_ret_12_synth_increase_gamma_along_layers_RetNet
Epoch: 206, Global Test CER: 0.0244
Epoch: 206, Train Loss: 2.414, Train CER: 0.0004, Test CER: 0.0244, Time: 43.860, F_no_retnorm_8_GPU_Bi_ret_12_synth_increase_gamma_along_layers_RetNet
Epoch: 207, Global Test CER: 0.0247
Epoch: 207, Train Loss: 2.414, Train CER: 0.0005, Test CER: 0.0247, Time: 43.422, F_no_retnorm_8_GPU_Bi_ret_12_synth_increase_gamma_along_layers_RetNet
Epoch: 208, Global Test CER: 0.0241
Epoch: 208, Train Loss: 2.414, Train CER: 0.0008, Test CER: 0.0241, Time: 43.506, F_no_retnorm_8_GPU_Bi_ret_12_synth_increase_gamma_along_layers_RetNet
Epoch: 209, Global Test CER: 0.0235
Epoch: 209, Train Loss: 2.414, Train CER: 0.0006, Test CER: 0.0235, Time: 43.295, F_no_retnorm_8_GPU_Bi_ret_12_synth_increase_gamma_along_layers_RetNet
Epoch: 210, Global Test CER: 0.0237
Epoch: 210, Train Loss: 2.414, Train CER: 0.0007, Test CER: 0.0237, Time: 44.687, F_no_retnorm_8_GPU_Bi_ret_12_synth_increase_gamma_along_layers_RetNet
Epoch: 211, Global Test CER: 0.0240
Epoch: 211, Train Loss: 2.414, Train CER: 0.0007, Test CER: 0.0240, Time: 44.717, F_no_retnorm_8_GPU_Bi_ret_12_synth_increase_gamma_along_layers_RetNet
Epoch: 212, Global Test CER: 0.0237
Epoch: 212, Train Loss: 2.414, Train CER: 0.0007, Test CER: 0.0237, Time: 42.966, F_no_retnorm_8_GPU_Bi_ret_12_synth_increase_gamma_along_layers_RetNet
Epoch: 213, Global Test CER: 0.0246
Epoch: 213, Train Loss: 2.414, Train CER: 0.0006, Test CER: 0.0246, Time: 43.204, F_no_retnorm_8_GPU_Bi_ret_12_synth_increase_gamma_along_layers_RetNet
Epoch: 214, Global Test CER: 0.0240
Epoch: 214, Train Loss: 2.414, Train CER: 0.0005, Test CER: 0.0240, Time: 43.259, F_no_retnorm_8_GPU_Bi_ret_12_synth_increase_gamma_along_layers_RetNet
Epoch: 215, Global Test CER: 0.0250
Epoch: 215, Train Loss: 2.414, Train CER: 0.0005, Test CER: 0.0250, Time: 44.015, F_no_retnorm_8_GPU_Bi_ret_12_synth_increase_gamma_along_layers_RetNet
Epoch: 216, Global Test CER: 0.0272
Epoch: 216, Train Loss: 2.414, Train CER: 0.0005, Test CER: 0.0272, Time: 43.302, F_no_retnorm_8_GPU_Bi_ret_12_synth_increase_gamma_along_layers_RetNet
Epoch: 217, Global Test CER: 0.0237
Epoch: 217, Train Loss: 2.414, Train CER: 0.0008, Test CER: 0.0237, Time: 43.086, F_no_retnorm_8_GPU_Bi_ret_12_synth_increase_gamma_along_layers_RetNet
Epoch: 218, Global Test CER: 0.0243
Epoch: 218, Train Loss: 2.414, Train CER: 0.0006, Test CER: 0.0243, Time: 62.488, F_no_retnorm_8_GPU_Bi_ret_12_synth_increase_gamma_along_layers_RetNet
Epoch: 219, Global Test CER: 0.0241
Epoch: 219, Train Loss: 2.414, Train CER: 0.0005, Test CER: 0.0241, Time: 42.903, F_no_retnorm_8_GPU_Bi_ret_12_synth_increase_gamma_along_layers_RetNet
Epoch: 220, Global Test CER: 0.0264
Epoch: 220, Train Loss: 2.414, Train CER: 0.0008, Test CER: 0.0264, Time: 43.358, F_no_retnorm_8_GPU_Bi_ret_12_synth_increase_gamma_along_layers_RetNet
Epoch: 221, Global Test CER: 0.0237
Epoch: 221, Train Loss: 2.414, Train CER: 0.0004, Test CER: 0.0237, Time: 43.202, F_no_retnorm_8_GPU_Bi_ret_12_synth_increase_gamma_along_layers_RetNet
Epoch: 222, Global Test CER: 0.0250
Epoch: 222, Train Loss: 2.414, Train CER: 0.0006, Test CER: 0.0250, Time: 44.461, F_no_retnorm_8_GPU_Bi_ret_12_synth_increase_gamma_along_layers_RetNet
Epoch: 223, Global Test CER: 0.0252
Epoch: 223, Train Loss: 2.414, Train CER: 0.0007, Test CER: 0.0252, Time: 43.583, F_no_retnorm_8_GPU_Bi_ret_12_synth_increase_gamma_along_layers_RetNet
Epoch: 224, Global Test CER: 0.0245
Epoch: 224, Train Loss: 2.414, Train CER: 0.0005, Test CER: 0.0245, Time: 43.899, F_no_retnorm_8_GPU_Bi_ret_12_synth_increase_gamma_along_layers_RetNet
Epoch: 225, Global Test CER: 0.0241
Epoch: 225, Train Loss: 2.414, Train CER: 0.0006, Test CER: 0.0241, Time: 43.819, F_no_retnorm_8_GPU_Bi_ret_12_synth_increase_gamma_along_layers_RetNet
Epoch: 226, Global Test CER: 0.0240
Epoch: 226, Train Loss: 2.414, Train CER: 0.0008, Test CER: 0.0240, Time: 45.273, F_no_retnorm_8_GPU_Bi_ret_12_synth_increase_gamma_along_layers_RetNet
Epoch: 227, Global Test CER: 0.0234
Epoch: 227, Train Loss: 2.414, Train CER: 0.0008, Test CER: 0.0234, Time: 45.975, F_no_retnorm_8_GPU_Bi_ret_12_synth_increase_gamma_along_layers_RetNet
Epoch: 228, Global Test CER: 0.0244
Epoch: 228, Train Loss: 2.414, Train CER: 0.0005, Test CER: 0.0244, Time: 44.416, F_no_retnorm_8_GPU_Bi_ret_12_synth_increase_gamma_along_layers_RetNet
Epoch: 229, Global Test CER: 0.0231
Epoch: 229, Train Loss: 2.414, Train CER: 0.0006, Test CER: 0.0231, Time: 45.480, F_no_retnorm_8_GPU_Bi_ret_12_synth_increase_gamma_along_layers_RetNet
Epoch: 230, Global Test CER: 0.0233
Epoch: 230, Train Loss: 2.414, Train CER: 0.0005, Test CER: 0.0233, Time: 44.315, F_no_retnorm_8_GPU_Bi_ret_12_synth_increase_gamma_along_layers_RetNet
Epoch: 231, Global Test CER: 0.0237
Epoch: 231, Train Loss: 2.414, Train CER: 0.0006, Test CER: 0.0237, Time: 60.335, F_no_retnorm_8_GPU_Bi_ret_12_synth_increase_gamma_along_layers_RetNet
Epoch: 232, Global Test CER: 0.0248
Epoch: 232, Train Loss: 2.414, Train CER: 0.0008, Test CER: 0.0248, Time: 44.067, F_no_retnorm_8_GPU_Bi_ret_12_synth_increase_gamma_along_layers_RetNet
Epoch: 233, Global Test CER: 0.0234
Epoch: 233, Train Loss: 2.414, Train CER: 0.0005, Test CER: 0.0234, Time: 45.185, F_no_retnorm_8_GPU_Bi_ret_12_synth_increase_gamma_along_layers_RetNet
Epoch: 234, Global Test CER: 0.0242
Epoch: 234, Train Loss: 2.414, Train CER: 0.0006, Test CER: 0.0242, Time: 44.168, F_no_retnorm_8_GPU_Bi_ret_12_synth_increase_gamma_along_layers_RetNet
Epoch: 235, Global Test CER: 0.0235
Epoch: 235, Train Loss: 2.414, Train CER: 0.0005, Test CER: 0.0235, Time: 44.532, F_no_retnorm_8_GPU_Bi_ret_12_synth_increase_gamma_along_layers_RetNet
Epoch: 236, Global Test CER: 0.0250
Epoch: 236, Train Loss: 2.414, Train CER: 0.0005, Test CER: 0.0250, Time: 43.416, F_no_retnorm_8_GPU_Bi_ret_12_synth_increase_gamma_along_layers_RetNet
Epoch: 237, Global Test CER: 0.0241
Epoch: 237, Train Loss: 2.414, Train CER: 0.0005, Test CER: 0.0241, Time: 43.203, F_no_retnorm_8_GPU_Bi_ret_12_synth_increase_gamma_along_layers_RetNet
Epoch: 238, Global Test CER: 0.0234
Epoch: 238, Train Loss: 2.414, Train CER: 0.0009, Test CER: 0.0234, Time: 43.513, F_no_retnorm_8_GPU_Bi_ret_12_synth_increase_gamma_along_layers_RetNet
Epoch: 239, Global Test CER: 0.0232
Epoch: 239, Train Loss: 2.414, Train CER: 0.0006, Test CER: 0.0232, Time: 43.039, F_no_retnorm_8_GPU_Bi_ret_12_synth_increase_gamma_along_layers_RetNet
Epoch: 240, Global Test CER: 0.0244
Epoch: 240, Train Loss: 2.414, Train CER: 0.0005, Test CER: 0.0244, Time: 43.536, F_no_retnorm_8_GPU_Bi_ret_12_synth_increase_gamma_along_layers_RetNet
Epoch: 241, Global Test CER: 0.0239
Epoch: 241, Train Loss: 2.414, Train CER: 0.0008, Test CER: 0.0239, Time: 65.186, F_no_retnorm_8_GPU_Bi_ret_12_synth_increase_gamma_along_layers_RetNet
Epoch: 242, Global Test CER: 0.0239
Epoch: 242, Train Loss: 2.414, Train CER: 0.0004, Test CER: 0.0239, Time: 44.721, F_no_retnorm_8_GPU_Bi_ret_12_synth_increase_gamma_along_layers_RetNet
Epoch: 243, Global Test CER: 0.0237
Epoch: 243, Train Loss: 2.414, Train CER: 0.0006, Test CER: 0.0237, Time: 44.007, F_no_retnorm_8_GPU_Bi_ret_12_synth_increase_gamma_along_layers_RetNet
Epoch: 244, Global Test CER: 0.0241
Epoch: 244, Train Loss: 2.414, Train CER: 0.0005, Test CER: 0.0241, Time: 44.043, F_no_retnorm_8_GPU_Bi_ret_12_synth_increase_gamma_along_layers_RetNet
Epoch: 245, Global Test CER: 0.0232
Epoch: 245, Train Loss: 2.414, Train CER: 0.0006, Test CER: 0.0232, Time: 54.774, F_no_retnorm_8_GPU_Bi_ret_12_synth_increase_gamma_along_layers_RetNet
Epoch: 246, Global Test CER: 0.0238
Epoch: 246, Train Loss: 2.414, Train CER: 0.0004, Test CER: 0.0238, Time: 43.683, F_no_retnorm_8_GPU_Bi_ret_12_synth_increase_gamma_along_layers_RetNet
Epoch: 247, Global Test CER: 0.0248
Epoch: 247, Train Loss: 2.414, Train CER: 0.0004, Test CER: 0.0248, Time: 42.994, F_no_retnorm_8_GPU_Bi_ret_12_synth_increase_gamma_along_layers_RetNet
Epoch: 248, Global Test CER: 0.0233
Epoch: 248, Train Loss: 2.414, Train CER: 0.0008, Test CER: 0.0233, Time: 43.545, F_no_retnorm_8_GPU_Bi_ret_12_synth_increase_gamma_along_layers_RetNet
Epoch: 249, Global Test CER: 0.0245
Epoch: 249, Train Loss: 2.414, Train CER: 0.0005, Test CER: 0.0245, Time: 50.650, F_no_retnorm_8_GPU_Bi_ret_12_synth_increase_gamma_along_layers_RetNet
Epoch: 250, Global Test CER: 0.0241
Epoch: 250, Train Loss: 2.414, Train CER: 0.0006, Test CER: 0.0241, Time: 50.864, F_no_retnorm_8_GPU_Bi_ret_12_synth_increase_gamma_along_layers_RetNet
Epoch: 251, Global Test CER: 0.0242
Epoch: 251, Train Loss: 2.414, Train CER: 0.0005, Test CER: 0.0242, Time: 45.778, F_no_retnorm_8_GPU_Bi_ret_12_synth_increase_gamma_along_layers_RetNet
Epoch: 252, Global Test CER: 0.0235
Epoch: 252, Train Loss: 2.414, Train CER: 0.0007, Test CER: 0.0235, Time: 46.310, F_no_retnorm_8_GPU_Bi_ret_12_synth_increase_gamma_along_layers_RetNet
Epoch: 253, Global Test CER: 0.0247
Epoch: 253, Train Loss: 2.414, Train CER: 0.0005, Test CER: 0.0247, Time: 51.606, F_no_retnorm_8_GPU_Bi_ret_12_synth_increase_gamma_along_layers_RetNet
Epoch: 254, Global Test CER: 0.0240
Epoch: 254, Train Loss: 2.414, Train CER: 0.0007, Test CER: 0.0240, Time: 44.814, F_no_retnorm_8_GPU_Bi_ret_12_synth_increase_gamma_along_layers_RetNet
Epoch: 255, Global Test CER: 0.0236
Epoch: 255, Train Loss: 2.414, Train CER: 0.0006, Test CER: 0.0236, Time: 43.770, F_no_retnorm_8_GPU_Bi_ret_12_synth_increase_gamma_along_layers_RetNet
Epoch: 256, Global Test CER: 0.0242
Epoch: 256, Train Loss: 2.414, Train CER: 0.0006, Test CER: 0.0242, Time: 43.940, F_no_retnorm_8_GPU_Bi_ret_12_synth_increase_gamma_along_layers_RetNet
Epoch: 257, Global Test CER: 0.0238
Epoch: 257, Train Loss: 2.414, Train CER: 0.0007, Test CER: 0.0238, Time: 44.306, F_no_retnorm_8_GPU_Bi_ret_12_synth_increase_gamma_along_layers_RetNet
Epoch: 258, Global Test CER: 0.0236
Epoch: 258, Train Loss: 2.414, Train CER: 0.0006, Test CER: 0.0236, Time: 62.662, F_no_retnorm_8_GPU_Bi_ret_12_synth_increase_gamma_along_layers_RetNet
Epoch: 259, Global Test CER: 0.0238
Epoch: 259, Train Loss: 2.414, Train CER: 0.0005, Test CER: 0.0238, Time: 44.078, F_no_retnorm_8_GPU_Bi_ret_12_synth_increase_gamma_along_layers_RetNet
Epoch: 260, Global Test CER: 0.0244
Epoch: 260, Train Loss: 2.414, Train CER: 0.0004, Test CER: 0.0244, Time: 44.667, F_no_retnorm_8_GPU_Bi_ret_12_synth_increase_gamma_along_layers_RetNet
Epoch: 261, Global Test CER: 0.0234
Epoch: 261, Train Loss: 2.414, Train CER: 0.0007, Test CER: 0.0234, Time: 44.148, F_no_retnorm_8_GPU_Bi_ret_12_synth_increase_gamma_along_layers_RetNet
Epoch: 262, Global Test CER: 0.0241
Epoch: 262, Train Loss: 2.414, Train CER: 0.0005, Test CER: 0.0241, Time: 44.401, F_no_retnorm_8_GPU_Bi_ret_12_synth_increase_gamma_along_layers_RetNet
Epoch: 263, Global Test CER: 0.0234
Epoch: 263, Train Loss: 2.414, Train CER: 0.0005, Test CER: 0.0234, Time: 44.225, F_no_retnorm_8_GPU_Bi_ret_12_synth_increase_gamma_along_layers_RetNet
Epoch: 264, Global Test CER: 0.0246
Epoch: 264, Train Loss: 2.414, Train CER: 0.0007, Test CER: 0.0246, Time: 45.168, F_no_retnorm_8_GPU_Bi_ret_12_synth_increase_gamma_along_layers_RetNet
Epoch: 265, Global Test CER: 0.0232
Epoch: 265, Train Loss: 2.414, Train CER: 0.0007, Test CER: 0.0232, Time: 53.801, F_no_retnorm_8_GPU_Bi_ret_12_synth_increase_gamma_along_layers_RetNet
Epoch: 266, Global Test CER: 0.0232
Epoch: 266, Train Loss: 2.414, Train CER: 0.0004, Test CER: 0.0232, Time: 45.889, F_no_retnorm_8_GPU_Bi_ret_12_synth_increase_gamma_along_layers_RetNet
Epoch: 267, Global Test CER: 0.0233
Epoch: 267, Train Loss: 2.414, Train CER: 0.0006, Test CER: 0.0233, Time: 43.287, F_no_retnorm_8_GPU_Bi_ret_12_synth_increase_gamma_along_layers_RetNet
Epoch: 268, Global Test CER: 0.0227
Epoch: 268, Train Loss: 2.414, Train CER: 0.0005, Test CER: 0.0227, Time: 44.029, F_no_retnorm_8_GPU_Bi_ret_12_synth_increase_gamma_along_layers_RetNet
Epoch: 269, Global Test CER: 0.0231
Epoch: 269, Train Loss: 2.414, Train CER: 0.0005, Test CER: 0.0231, Time: 42.817, F_no_retnorm_8_GPU_Bi_ret_12_synth_increase_gamma_along_layers_RetNet
Epoch: 270, Global Test CER: 0.0237
Epoch: 270, Train Loss: 2.414, Train CER: 0.0004, Test CER: 0.0237, Time: 43.332, F_no_retnorm_8_GPU_Bi_ret_12_synth_increase_gamma_along_layers_RetNet
Epoch: 271, Global Test CER: 0.0241
Epoch: 271, Train Loss: 2.414, Train CER: 0.0006, Test CER: 0.0241, Time: 43.410, F_no_retnorm_8_GPU_Bi_ret_12_synth_increase_gamma_along_layers_RetNet
Epoch: 272, Global Test CER: 0.0250
Epoch: 272, Train Loss: 2.414, Train CER: 0.0006, Test CER: 0.0250, Time: 44.219, F_no_retnorm_8_GPU_Bi_ret_12_synth_increase_gamma_along_layers_RetNet
Epoch: 273, Global Test CER: 0.0231
Epoch: 273, Train Loss: 2.414, Train CER: 0.0006, Test CER: 0.0231, Time: 43.730, F_no_retnorm_8_GPU_Bi_ret_12_synth_increase_gamma_along_layers_RetNet
Epoch: 274, Global Test CER: 0.0239
Epoch: 274, Train Loss: 2.414, Train CER: 0.0005, Test CER: 0.0239, Time: 44.055, F_no_retnorm_8_GPU_Bi_ret_12_synth_increase_gamma_along_layers_RetNet
Epoch: 275, Global Test CER: 0.0244
Epoch: 275, Train Loss: 2.414, Train CER: 0.0007, Test CER: 0.0244, Time: 43.208, F_no_retnorm_8_GPU_Bi_ret_12_synth_increase_gamma_along_layers_RetNet
Epoch: 276, Global Test CER: 0.0234
Epoch: 276, Train Loss: 2.414, Train CER: 0.0005, Test CER: 0.0234, Time: 43.857, F_no_retnorm_8_GPU_Bi_ret_12_synth_increase_gamma_along_layers_RetNet
Epoch: 277, Global Test CER: 0.0241
Epoch: 277, Train Loss: 2.414, Train CER: 0.0006, Test CER: 0.0241, Time: 43.459, F_no_retnorm_8_GPU_Bi_ret_12_synth_increase_gamma_along_layers_RetNet
Epoch: 278, Global Test CER: 0.0232
Epoch: 278, Train Loss: 2.414, Train CER: 0.0005, Test CER: 0.0232, Time: 44.588, F_no_retnorm_8_GPU_Bi_ret_12_synth_increase_gamma_along_layers_RetNet
Epoch: 279, Global Test CER: 0.0239
Epoch: 279, Train Loss: 2.414, Train CER: 0.0006, Test CER: 0.0239, Time: 43.513, F_no_retnorm_8_GPU_Bi_ret_12_synth_increase_gamma_along_layers_RetNet
Epoch: 280, Global Test CER: 0.0237
Epoch: 280, Train Loss: 2.414, Train CER: 0.0007, Test CER: 0.0237, Time: 57.519, F_no_retnorm_8_GPU_Bi_ret_12_synth_increase_gamma_along_layers_RetNet
Epoch: 281, Global Test CER: 0.0244
Epoch: 281, Train Loss: 2.414, Train CER: 0.0005, Test CER: 0.0244, Time: 58.174, F_no_retnorm_8_GPU_Bi_ret_12_synth_increase_gamma_along_layers_RetNet
Epoch: 282, Global Test CER: 0.0240
Epoch: 282, Train Loss: 2.414, Train CER: 0.0006, Test CER: 0.0240, Time: 43.189, F_no_retnorm_8_GPU_Bi_ret_12_synth_increase_gamma_along_layers_RetNet
Epoch: 283, Global Test CER: 0.0237
Epoch: 283, Train Loss: 2.414, Train CER: 0.0003, Test CER: 0.0237, Time: 43.285, F_no_retnorm_8_GPU_Bi_ret_12_synth_increase_gamma_along_layers_RetNet
Epoch: 284, Global Test CER: 0.0242
Epoch: 284, Train Loss: 2.414, Train CER: 0.0004, Test CER: 0.0242, Time: 42.771, F_no_retnorm_8_GPU_Bi_ret_12_synth_increase_gamma_along_layers_RetNet
Epoch: 285, Global Test CER: 0.0238
Epoch: 285, Train Loss: 2.414, Train CER: 0.0005, Test CER: 0.0238, Time: 43.160, F_no_retnorm_8_GPU_Bi_ret_12_synth_increase_gamma_along_layers_RetNet
Epoch: 286, Global Test CER: 0.0238
Epoch: 286, Train Loss: 2.414, Train CER: 0.0005, Test CER: 0.0238, Time: 43.833, F_no_retnorm_8_GPU_Bi_ret_12_synth_increase_gamma_along_layers_RetNet
Epoch: 287, Global Test CER: 0.0244
Epoch: 287, Train Loss: 2.414, Train CER: 0.0004, Test CER: 0.0244, Time: 43.469, F_no_retnorm_8_GPU_Bi_ret_12_synth_increase_gamma_along_layers_RetNet
Epoch: 288, Global Test CER: 0.0248
Epoch: 288, Train Loss: 2.414, Train CER: 0.0004, Test CER: 0.0248, Time: 43.199, F_no_retnorm_8_GPU_Bi_ret_12_synth_increase_gamma_along_layers_RetNet
Epoch: 289, Global Test CER: 0.0243
Epoch: 289, Train Loss: 2.414, Train CER: 0.0003, Test CER: 0.0243, Time: 48.978, F_no_retnorm_8_GPU_Bi_ret_12_synth_increase_gamma_along_layers_RetNet
Epoch: 290, Global Test CER: 0.0241
Epoch: 290, Train Loss: 2.414, Train CER: 0.0005, Test CER: 0.0241, Time: 44.905, F_no_retnorm_8_GPU_Bi_ret_12_synth_increase_gamma_along_layers_RetNet
Epoch: 291, Global Test CER: 0.0255
Epoch: 291, Train Loss: 2.414, Train CER: 0.0007, Test CER: 0.0255, Time: 63.476, F_no_retnorm_8_GPU_Bi_ret_12_synth_increase_gamma_along_layers_RetNet
Epoch: 292, Global Test CER: 0.0236
Epoch: 292, Train Loss: 2.414, Train CER: 0.0005, Test CER: 0.0236, Time: 43.355, F_no_retnorm_8_GPU_Bi_ret_12_synth_increase_gamma_along_layers_RetNet
Epoch: 293, Global Test CER: 0.0247
Epoch: 293, Train Loss: 2.414, Train CER: 0.0004, Test CER: 0.0247, Time: 43.117, F_no_retnorm_8_GPU_Bi_ret_12_synth_increase_gamma_along_layers_RetNet
Epoch: 294, Global Test CER: 0.0241
Epoch: 294, Train Loss: 2.414, Train CER: 0.0004, Test CER: 0.0241, Time: 43.427, F_no_retnorm_8_GPU_Bi_ret_12_synth_increase_gamma_along_layers_RetNet
Epoch: 295, Global Test CER: 0.0246
Epoch: 295, Train Loss: 2.414, Train CER: 0.0005, Test CER: 0.0246, Time: 42.810, F_no_retnorm_8_GPU_Bi_ret_12_synth_increase_gamma_along_layers_RetNet
Epoch: 296, Global Test CER: 0.0256
Epoch: 296, Train Loss: 2.414, Train CER: 0.0003, Test CER: 0.0256, Time: 45.796, F_no_retnorm_8_GPU_Bi_ret_12_synth_increase_gamma_along_layers_RetNet
Epoch: 297, Global Test CER: 0.0250
Epoch: 297, Train Loss: 2.414, Train CER: 0.0003, Test CER: 0.0250, Time: 43.508, F_no_retnorm_8_GPU_Bi_ret_12_synth_increase_gamma_along_layers_RetNet
Epoch: 298, Global Test CER: 0.0243
Epoch: 298, Train Loss: 2.414, Train CER: 0.0003, Test CER: 0.0243, Time: 43.644, F_no_retnorm_8_GPU_Bi_ret_12_synth_increase_gamma_along_layers_RetNet
Epoch: 299, Global Test CER: 0.0251
Epoch: 299, Train Loss: 2.414, Train CER: 0.0004, Test CER: 0.0251, Time: 42.893, F_no_retnorm_8_GPU_Bi_ret_12_synth_increase_gamma_along_layers_RetNet
Epoch: 300, Global Test CER: 0.0240
Epoch: 300, Train Loss: 2.414, Train CER: 0.0004, Test CER: 0.0240, Time: 43.050, F_no_retnorm_8_GPU_Bi_ret_12_synth_increase_gamma_along_layers_RetNet
Epoch: 301, Global Test CER: 0.0239
Epoch: 301, Train Loss: 2.414, Train CER: 0.0005, Test CER: 0.0239, Time: 42.900, F_no_retnorm_8_GPU_Bi_ret_12_synth_increase_gamma_along_layers_RetNet
Epoch: 302, Global Test CER: 0.0258
Epoch: 302, Train Loss: 2.414, Train CER: 0.0006, Test CER: 0.0258, Time: 43.182, F_no_retnorm_8_GPU_Bi_ret_12_synth_increase_gamma_along_layers_RetNet
Epoch: 303, Global Test CER: 0.0236
Epoch: 303, Train Loss: 2.414, Train CER: 0.0005, Test CER: 0.0236, Time: 44.004, F_no_retnorm_8_GPU_Bi_ret_12_synth_increase_gamma_along_layers_RetNet
Epoch: 304, Global Test CER: 0.0246
Epoch: 304, Train Loss: 2.414, Train CER: 0.0005, Test CER: 0.0246, Time: 51.435, F_no_retnorm_8_GPU_Bi_ret_12_synth_increase_gamma_along_layers_RetNet
Epoch: 305, Global Test CER: 0.0234
Epoch: 305, Train Loss: 2.414, Train CER: 0.0005, Test CER: 0.0234, Time: 43.606, F_no_retnorm_8_GPU_Bi_ret_12_synth_increase_gamma_along_layers_RetNet
Epoch: 306, Global Test CER: 0.0252
Epoch: 306, Train Loss: 2.414, Train CER: 0.0005, Test CER: 0.0252, Time: 43.739, F_no_retnorm_8_GPU_Bi_ret_12_synth_increase_gamma_along_layers_RetNet
Epoch: 307, Global Test CER: 0.0250
Epoch: 307, Train Loss: 2.414, Train CER: 0.0005, Test CER: 0.0250, Time: 44.095, F_no_retnorm_8_GPU_Bi_ret_12_synth_increase_gamma_along_layers_RetNet
Epoch: 308, Global Test CER: 0.0246
Epoch: 308, Train Loss: 2.414, Train CER: 0.0003, Test CER: 0.0246, Time: 44.512, F_no_retnorm_8_GPU_Bi_ret_12_synth_increase_gamma_along_layers_RetNet
Epoch: 309, Global Test CER: 0.0239
Epoch: 309, Train Loss: 2.414, Train CER: 0.0004, Test CER: 0.0239, Time: 44.125, F_no_retnorm_8_GPU_Bi_ret_12_synth_increase_gamma_along_layers_RetNet
Epoch: 310, Global Test CER: 0.0243
Epoch: 310, Train Loss: 2.414, Train CER: 0.0005, Test CER: 0.0243, Time: 43.317, F_no_retnorm_8_GPU_Bi_ret_12_synth_increase_gamma_along_layers_RetNet
Epoch: 311, Global Test CER: 0.0242
Epoch: 311, Train Loss: 2.414, Train CER: 0.0004, Test CER: 0.0242, Time: 43.482, F_no_retnorm_8_GPU_Bi_ret_12_synth_increase_gamma_along_layers_RetNet
Epoch: 312, Global Test CER: 0.0252
Epoch: 312, Train Loss: 2.414, Train CER: 0.0004, Test CER: 0.0252, Time: 44.840, F_no_retnorm_8_GPU_Bi_ret_12_synth_increase_gamma_along_layers_RetNet
Epoch: 313, Global Test CER: 0.0233
Epoch: 313, Train Loss: 2.414, Train CER: 0.0007, Test CER: 0.0233, Time: 43.265, F_no_retnorm_8_GPU_Bi_ret_12_synth_increase_gamma_along_layers_RetNet
Epoch: 314, Global Test CER: 0.0243
Epoch: 314, Train Loss: 2.414, Train CER: 0.0006, Test CER: 0.0243, Time: 44.374, F_no_retnorm_8_GPU_Bi_ret_12_synth_increase_gamma_along_layers_RetNet
Epoch: 315, Global Test CER: 0.0237
Epoch: 315, Train Loss: 2.414, Train CER: 0.0005, Test CER: 0.0237, Time: 44.014, F_no_retnorm_8_GPU_Bi_ret_12_synth_increase_gamma_along_layers_RetNet
Epoch: 316, Global Test CER: 0.0253
Epoch: 316, Train Loss: 2.414, Train CER: 0.0002, Test CER: 0.0253, Time: 44.977, F_no_retnorm_8_GPU_Bi_ret_12_synth_increase_gamma_along_layers_RetNet
Epoch: 317, Global Test CER: 0.0233
Epoch: 317, Train Loss: 2.414, Train CER: 0.0003, Test CER: 0.0233, Time: 51.080, F_no_retnorm_8_GPU_Bi_ret_12_synth_increase_gamma_along_layers_RetNet
Epoch: 318, Global Test CER: 0.0246
Epoch: 318, Train Loss: 2.414, Train CER: 0.0004, Test CER: 0.0246, Time: 44.569, F_no_retnorm_8_GPU_Bi_ret_12_synth_increase_gamma_along_layers_RetNet
Epoch: 319, Global Test CER: 0.0233
Epoch: 319, Train Loss: 2.414, Train CER: 0.0004, Test CER: 0.0233, Time: 50.244, F_no_retnorm_8_GPU_Bi_ret_12_synth_increase_gamma_along_layers_RetNet
Epoch: 320, Global Test CER: 0.0238
Epoch: 320, Train Loss: 2.414, Train CER: 0.0003, Test CER: 0.0238, Time: 43.703, F_no_retnorm_8_GPU_Bi_ret_12_synth_increase_gamma_along_layers_RetNet
Epoch: 321, Global Test CER: 0.0232
Epoch: 321, Train Loss: 2.414, Train CER: 0.0004, Test CER: 0.0232, Time: 43.727, F_no_retnorm_8_GPU_Bi_ret_12_synth_increase_gamma_along_layers_RetNet
Epoch: 322, Global Test CER: 0.0244
Epoch: 322, Train Loss: 2.414, Train CER: 0.0005, Test CER: 0.0244, Time: 44.421, F_no_retnorm_8_GPU_Bi_ret_12_synth_increase_gamma_along_layers_RetNet
Epoch: 323, Global Test CER: 0.0238
Epoch: 323, Train Loss: 2.414, Train CER: 0.0008, Test CER: 0.0238, Time: 44.066, F_no_retnorm_8_GPU_Bi_ret_12_synth_increase_gamma_along_layers_RetNet
Epoch: 324, Global Test CER: 0.0237
Epoch: 324, Train Loss: 2.414, Train CER: 0.0004, Test CER: 0.0237, Time: 44.720, F_no_retnorm_8_GPU_Bi_ret_12_synth_increase_gamma_along_layers_RetNet
Epoch: 325, Global Test CER: 0.0243
Epoch: 325, Train Loss: 2.414, Train CER: 0.0004, Test CER: 0.0243, Time: 48.663, F_no_retnorm_8_GPU_Bi_ret_12_synth_increase_gamma_along_layers_RetNet
Epoch: 326, Global Test CER: 0.0237
Epoch: 326, Train Loss: 2.414, Train CER: 0.0003, Test CER: 0.0237, Time: 43.946, F_no_retnorm_8_GPU_Bi_ret_12_synth_increase_gamma_along_layers_RetNet
Epoch: 327, Global Test CER: 0.0240
Epoch: 327, Train Loss: 2.414, Train CER: 0.0007, Test CER: 0.0240, Time: 44.208, F_no_retnorm_8_GPU_Bi_ret_12_synth_increase_gamma_along_layers_RetNet
Epoch: 328, Global Test CER: 0.0239
Epoch: 328, Train Loss: 2.414, Train CER: 0.0007, Test CER: 0.0239, Time: 56.060, F_no_retnorm_8_GPU_Bi_ret_12_synth_increase_gamma_along_layers_RetNet
Epoch: 329, Global Test CER: 0.0231
Epoch: 329, Train Loss: 2.414, Train CER: 0.0004, Test CER: 0.0231, Time: 45.773, F_no_retnorm_8_GPU_Bi_ret_12_synth_increase_gamma_along_layers_RetNet
Epoch: 330, Global Test CER: 0.0236
Epoch: 330, Train Loss: 2.414, Train CER: 0.0006, Test CER: 0.0236, Time: 44.895, F_no_retnorm_8_GPU_Bi_ret_12_synth_increase_gamma_along_layers_RetNet
Epoch: 331, Global Test CER: 0.0241
Epoch: 331, Train Loss: 2.414, Train CER: 0.0004, Test CER: 0.0241, Time: 48.874, F_no_retnorm_8_GPU_Bi_ret_12_synth_increase_gamma_along_layers_RetNet
Epoch: 332, Global Test CER: 0.0236
Epoch: 332, Train Loss: 2.414, Train CER: 0.0005, Test CER: 0.0236, Time: 45.700, F_no_retnorm_8_GPU_Bi_ret_12_synth_increase_gamma_along_layers_RetNet
Epoch: 333, Global Test CER: 0.0236
Epoch: 333, Train Loss: 2.414, Train CER: 0.0003, Test CER: 0.0236, Time: 43.882, F_no_retnorm_8_GPU_Bi_ret_12_synth_increase_gamma_along_layers_RetNet
Epoch: 334, Global Test CER: 0.0236
Epoch: 334, Train Loss: 2.414, Train CER: 0.0004, Test CER: 0.0236, Time: 53.905, F_no_retnorm_8_GPU_Bi_ret_12_synth_increase_gamma_along_layers_RetNet
Epoch: 335, Global Test CER: 0.0241
Epoch: 335, Train Loss: 2.414, Train CER: 0.0007, Test CER: 0.0241, Time: 43.822, F_no_retnorm_8_GPU_Bi_ret_12_synth_increase_gamma_along_layers_RetNet
Epoch: 336, Global Test CER: 0.0256
Epoch: 336, Train Loss: 2.414, Train CER: 0.0003, Test CER: 0.0256, Time: 45.072, F_no_retnorm_8_GPU_Bi_ret_12_synth_increase_gamma_along_layers_RetNet
Epoch: 337, Global Test CER: 0.0233
Epoch: 337, Train Loss: 2.414, Train CER: 0.0004, Test CER: 0.0233, Time: 45.614, F_no_retnorm_8_GPU_Bi_ret_12_synth_increase_gamma_along_layers_RetNet
Epoch: 338, Global Test CER: 0.0243
Epoch: 338, Train Loss: 2.414, Train CER: 0.0005, Test CER: 0.0243, Time: 45.023, F_no_retnorm_8_GPU_Bi_ret_12_synth_increase_gamma_along_layers_RetNet
Epoch: 339, Global Test CER: 0.0235
Epoch: 339, Train Loss: 2.414, Train CER: 0.0005, Test CER: 0.0235, Time: 44.007, F_no_retnorm_8_GPU_Bi_ret_12_synth_increase_gamma_along_layers_RetNet
Epoch: 340, Global Test CER: 0.0241
Epoch: 340, Train Loss: 2.414, Train CER: 0.0004, Test CER: 0.0241, Time: 44.469, F_no_retnorm_8_GPU_Bi_ret_12_synth_increase_gamma_along_layers_RetNet
Epoch: 341, Global Test CER: 0.0239
Epoch: 341, Train Loss: 2.414, Train CER: 0.0003, Test CER: 0.0239, Time: 56.879, F_no_retnorm_8_GPU_Bi_ret_12_synth_increase_gamma_along_layers_RetNet
Epoch: 342, Global Test CER: 0.0233
Epoch: 342, Train Loss: 2.414, Train CER: 0.0004, Test CER: 0.0233, Time: 43.889, F_no_retnorm_8_GPU_Bi_ret_12_synth_increase_gamma_along_layers_RetNet
Epoch: 343, Global Test CER: 0.0244
Epoch: 343, Train Loss: 2.414, Train CER: 0.0002, Test CER: 0.0244, Time: 43.682, F_no_retnorm_8_GPU_Bi_ret_12_synth_increase_gamma_along_layers_RetNet
Epoch: 344, Global Test CER: 0.0244
Epoch: 344, Train Loss: 2.414, Train CER: 0.0003, Test CER: 0.0244, Time: 43.042, F_no_retnorm_8_GPU_Bi_ret_12_synth_increase_gamma_along_layers_RetNet
Epoch: 345, Global Test CER: 0.0239
Epoch: 345, Train Loss: 2.414, Train CER: 0.0003, Test CER: 0.0239, Time: 45.024, F_no_retnorm_8_GPU_Bi_ret_12_synth_increase_gamma_along_layers_RetNet
Epoch: 346, Global Test CER: 0.0235
Epoch: 346, Train Loss: 2.414, Train CER: 0.0005, Test CER: 0.0235, Time: 43.530, F_no_retnorm_8_GPU_Bi_ret_12_synth_increase_gamma_along_layers_RetNet
Epoch: 347, Global Test CER: 0.0248
Epoch: 347, Train Loss: 2.414, Train CER: 0.0004, Test CER: 0.0248, Time: 43.196, F_no_retnorm_8_GPU_Bi_ret_12_synth_increase_gamma_along_layers_RetNet
Epoch: 348, Global Test CER: 0.0249
Epoch: 348, Train Loss: 2.414, Train CER: 0.0004, Test CER: 0.0249, Time: 44.066, F_no_retnorm_8_GPU_Bi_ret_12_synth_increase_gamma_along_layers_RetNet
Epoch: 349, Global Test CER: 0.0229
Epoch: 349, Train Loss: 2.414, Train CER: 0.0005, Test CER: 0.0229, Time: 44.096, F_no_retnorm_8_GPU_Bi_ret_12_synth_increase_gamma_along_layers_RetNet
Epoch: 350, Global Test CER: 0.0235
Epoch: 350, Train Loss: 2.414, Train CER: 0.0003, Test CER: 0.0235, Time: 43.871, F_no_retnorm_8_GPU_Bi_ret_12_synth_increase_gamma_along_layers_RetNet
Epoch: 351, Global Test CER: 0.0247
Epoch: 351, Train Loss: 2.413, Train CER: 0.0003, Test CER: 0.0247, Time: 46.176, F_no_retnorm_8_GPU_Bi_ret_12_synth_increase_gamma_along_layers_RetNet
Epoch: 352, Global Test CER: 0.0235
Epoch: 352, Train Loss: 2.413, Train CER: 0.0002, Test CER: 0.0235, Time: 61.351, F_no_retnorm_8_GPU_Bi_ret_12_synth_increase_gamma_along_layers_RetNet
Epoch: 353, Global Test CER: 0.0239
Epoch: 353, Train Loss: 2.414, Train CER: 0.0004, Test CER: 0.0239, Time: 43.735, F_no_retnorm_8_GPU_Bi_ret_12_synth_increase_gamma_along_layers_RetNet
Epoch: 354, Global Test CER: 0.0233
Epoch: 354, Train Loss: 2.414, Train CER: 0.0004, Test CER: 0.0233, Time: 44.312, F_no_retnorm_8_GPU_Bi_ret_12_synth_increase_gamma_along_layers_RetNet
Epoch: 355, Global Test CER: 0.0238
Epoch: 355, Train Loss: 2.414, Train CER: 0.0003, Test CER: 0.0238, Time: 57.729, F_no_retnorm_8_GPU_Bi_ret_12_synth_increase_gamma_along_layers_RetNet
Epoch: 356, Global Test CER: 0.0240
Epoch: 356, Train Loss: 2.413, Train CER: 0.0003, Test CER: 0.0240, Time: 43.620, F_no_retnorm_8_GPU_Bi_ret_12_synth_increase_gamma_along_layers_RetNet
Epoch: 357, Global Test CER: 0.0245
Epoch: 357, Train Loss: 2.414, Train CER: 0.0004, Test CER: 0.0245, Time: 44.082, F_no_retnorm_8_GPU_Bi_ret_12_synth_increase_gamma_along_layers_RetNet
Epoch: 358, Global Test CER: 0.0255
Epoch: 358, Train Loss: 2.414, Train CER: 0.0004, Test CER: 0.0255, Time: 51.528, F_no_retnorm_8_GPU_Bi_ret_12_synth_increase_gamma_along_layers_RetNet
Epoch: 359, Global Test CER: 0.0242
Epoch: 359, Train Loss: 2.414, Train CER: 0.0003, Test CER: 0.0242, Time: 43.645, F_no_retnorm_8_GPU_Bi_ret_12_synth_increase_gamma_along_layers_RetNet
Epoch: 360, Global Test CER: 0.0251
Epoch: 360, Train Loss: 2.414, Train CER: 0.0003, Test CER: 0.0251, Time: 43.386, F_no_retnorm_8_GPU_Bi_ret_12_synth_increase_gamma_along_layers_RetNet
Epoch: 361, Global Test CER: 0.0232
Epoch: 361, Train Loss: 2.414, Train CER: 0.0004, Test CER: 0.0232, Time: 44.114, F_no_retnorm_8_GPU_Bi_ret_12_synth_increase_gamma_along_layers_RetNet
Epoch: 362, Global Test CER: 0.0242
Epoch: 362, Train Loss: 2.413, Train CER: 0.0001, Test CER: 0.0242, Time: 43.493, F_no_retnorm_8_GPU_Bi_ret_12_synth_increase_gamma_along_layers_RetNet
Epoch: 363, Global Test CER: 0.0235
Epoch: 363, Train Loss: 2.414, Train CER: 0.0003, Test CER: 0.0235, Time: 44.225, F_no_retnorm_8_GPU_Bi_ret_12_synth_increase_gamma_along_layers_RetNet
Epoch: 364, Global Test CER: 0.0247
Epoch: 364, Train Loss: 2.414, Train CER: 0.0004, Test CER: 0.0247, Time: 44.286, F_no_retnorm_8_GPU_Bi_ret_12_synth_increase_gamma_along_layers_RetNet
Epoch: 365, Global Test CER: 0.0237
Epoch: 365, Train Loss: 2.414, Train CER: 0.0002, Test CER: 0.0237, Time: 44.353, F_no_retnorm_8_GPU_Bi_ret_12_synth_increase_gamma_along_layers_RetNet
Epoch: 366, Global Test CER: 0.0246
Epoch: 366, Train Loss: 2.414, Train CER: 0.0004, Test CER: 0.0246, Time: 44.573, F_no_retnorm_8_GPU_Bi_ret_12_synth_increase_gamma_along_layers_RetNet
Epoch: 367, Global Test CER: 0.0242
Epoch: 367, Train Loss: 2.413, Train CER: 0.0002, Test CER: 0.0242, Time: 46.616, F_no_retnorm_8_GPU_Bi_ret_12_synth_increase_gamma_along_layers_RetNet
Epoch: 368, Global Test CER: 0.0236
Epoch: 368, Train Loss: 2.413, Train CER: 0.0003, Test CER: 0.0236, Time: 43.580, F_no_retnorm_8_GPU_Bi_ret_12_synth_increase_gamma_along_layers_RetNet
Epoch: 369, Global Test CER: 0.0249
Epoch: 369, Train Loss: 2.413, Train CER: 0.0003, Test CER: 0.0249, Time: 46.212, F_no_retnorm_8_GPU_Bi_ret_12_synth_increase_gamma_along_layers_RetNet
Epoch: 370, Global Test CER: 0.0236
Epoch: 370, Train Loss: 2.413, Train CER: 0.0004, Test CER: 0.0236, Time: 43.357, F_no_retnorm_8_GPU_Bi_ret_12_synth_increase_gamma_along_layers_RetNet
Epoch: 371, Global Test CER: 0.0237
Epoch: 371, Train Loss: 2.413, Train CER: 0.0004, Test CER: 0.0237, Time: 42.729, F_no_retnorm_8_GPU_Bi_ret_12_synth_increase_gamma_along_layers_RetNet
Epoch: 372, Global Test CER: 0.0237
Epoch: 372, Train Loss: 2.413, Train CER: 0.0005, Test CER: 0.0237, Time: 43.406, F_no_retnorm_8_GPU_Bi_ret_12_synth_increase_gamma_along_layers_RetNet
Epoch: 373, Global Test CER: 0.0240
Epoch: 373, Train Loss: 2.413, Train CER: 0.0003, Test CER: 0.0240, Time: 43.666, F_no_retnorm_8_GPU_Bi_ret_12_synth_increase_gamma_along_layers_RetNet
Epoch: 374, Global Test CER: 0.0252
Epoch: 374, Train Loss: 2.413, Train CER: 0.0005, Test CER: 0.0252, Time: 43.697, F_no_retnorm_8_GPU_Bi_ret_12_synth_increase_gamma_along_layers_RetNet
Epoch: 375, Global Test CER: 0.0248
Epoch: 375, Train Loss: 2.413, Train CER: 0.0002, Test CER: 0.0248, Time: 43.021, F_no_retnorm_8_GPU_Bi_ret_12_synth_increase_gamma_along_layers_RetNet
Epoch: 376, Global Test CER: 0.0239
Epoch: 376, Train Loss: 2.413, Train CER: 0.0003, Test CER: 0.0239, Time: 43.132, F_no_retnorm_8_GPU_Bi_ret_12_synth_increase_gamma_along_layers_RetNet
Epoch: 377, Global Test CER: 0.0248
Epoch: 377, Train Loss: 2.413, Train CER: 0.0003, Test CER: 0.0248, Time: 48.408, F_no_retnorm_8_GPU_Bi_ret_12_synth_increase_gamma_along_layers_RetNet
Epoch: 378, Global Test CER: 0.0246
Epoch: 378, Train Loss: 2.413, Train CER: 0.0003, Test CER: 0.0246, Time: 43.151, F_no_retnorm_8_GPU_Bi_ret_12_synth_increase_gamma_along_layers_RetNet
Epoch: 379, Global Test CER: 0.0239
Epoch: 379, Train Loss: 2.414, Train CER: 0.0006, Test CER: 0.0239, Time: 43.834, F_no_retnorm_8_GPU_Bi_ret_12_synth_increase_gamma_along_layers_RetNet
Epoch: 380, Global Test CER: 0.0245
Epoch: 380, Train Loss: 2.413, Train CER: 0.0004, Test CER: 0.0245, Time: 43.102, F_no_retnorm_8_GPU_Bi_ret_12_synth_increase_gamma_along_layers_RetNet
Epoch: 381, Global Test CER: 0.0242
Epoch: 381, Train Loss: 2.414, Train CER: 0.0004, Test CER: 0.0242, Time: 44.843, F_no_retnorm_8_GPU_Bi_ret_12_synth_increase_gamma_along_layers_RetNet
Epoch: 382, Global Test CER: 0.0236
Epoch: 382, Train Loss: 2.413, Train CER: 0.0003, Test CER: 0.0236, Time: 54.098, F_no_retnorm_8_GPU_Bi_ret_12_synth_increase_gamma_along_layers_RetNet
Epoch: 383, Global Test CER: 0.0242
Epoch: 383, Train Loss: 2.413, Train CER: 0.0004, Test CER: 0.0242, Time: 43.075, F_no_retnorm_8_GPU_Bi_ret_12_synth_increase_gamma_along_layers_RetNet
Epoch: 384, Global Test CER: 0.0238
Epoch: 384, Train Loss: 2.413, Train CER: 0.0003, Test CER: 0.0238, Time: 44.058, F_no_retnorm_8_GPU_Bi_ret_12_synth_increase_gamma_along_layers_RetNet
Epoch: 385, Global Test CER: 0.0241
Epoch: 385, Train Loss: 2.413, Train CER: 0.0006, Test CER: 0.0241, Time: 43.492, F_no_retnorm_8_GPU_Bi_ret_12_synth_increase_gamma_along_layers_RetNet
Epoch: 386, Global Test CER: 0.0250
Epoch: 386, Train Loss: 2.413, Train CER: 0.0003, Test CER: 0.0250, Time: 43.330, F_no_retnorm_8_GPU_Bi_ret_12_synth_increase_gamma_along_layers_RetNet
Epoch: 387, Global Test CER: 0.0234
Epoch: 387, Train Loss: 2.413, Train CER: 0.0004, Test CER: 0.0234, Time: 63.314, F_no_retnorm_8_GPU_Bi_ret_12_synth_increase_gamma_along_layers_RetNet
Epoch: 388, Global Test CER: 0.0245
Epoch: 388, Train Loss: 2.413, Train CER: 0.0004, Test CER: 0.0245, Time: 43.399, F_no_retnorm_8_GPU_Bi_ret_12_synth_increase_gamma_along_layers_RetNet
Epoch: 389, Global Test CER: 0.0234
Epoch: 389, Train Loss: 2.413, Train CER: 0.0004, Test CER: 0.0234, Time: 63.676, F_no_retnorm_8_GPU_Bi_ret_12_synth_increase_gamma_along_layers_RetNet
Epoch: 390, Global Test CER: 0.0231
Epoch: 390, Train Loss: 2.413, Train CER: 0.0003, Test CER: 0.0231, Time: 43.997, F_no_retnorm_8_GPU_Bi_ret_12_synth_increase_gamma_along_layers_RetNet
Epoch: 391, Global Test CER: 0.0241
Epoch: 391, Train Loss: 2.413, Train CER: 0.0002, Test CER: 0.0241, Time: 49.562, F_no_retnorm_8_GPU_Bi_ret_12_synth_increase_gamma_along_layers_RetNet
Epoch: 392, Global Test CER: 0.0243
Epoch: 392, Train Loss: 2.413, Train CER: 0.0004, Test CER: 0.0243, Time: 42.863, F_no_retnorm_8_GPU_Bi_ret_12_synth_increase_gamma_along_layers_RetNet
Epoch: 393, Global Test CER: 0.0238
Epoch: 393, Train Loss: 2.413, Train CER: 0.0003, Test CER: 0.0238, Time: 51.986, F_no_retnorm_8_GPU_Bi_ret_12_synth_increase_gamma_along_layers_RetNet
Epoch: 394, Global Test CER: 0.0246
Epoch: 394, Train Loss: 2.413, Train CER: 0.0002, Test CER: 0.0246, Time: 43.652, F_no_retnorm_8_GPU_Bi_ret_12_synth_increase_gamma_along_layers_RetNet
Epoch: 395, Global Test CER: 0.0244
Epoch: 395, Train Loss: 2.413, Train CER: 0.0003, Test CER: 0.0244, Time: 43.544, F_no_retnorm_8_GPU_Bi_ret_12_synth_increase_gamma_along_layers_RetNet
Epoch: 396, Global Test CER: 0.0233
Epoch: 396, Train Loss: 2.413, Train CER: 0.0004, Test CER: 0.0233, Time: 43.902, F_no_retnorm_8_GPU_Bi_ret_12_synth_increase_gamma_along_layers_RetNet
Epoch: 397, Global Test CER: 0.0241
Epoch: 397, Train Loss: 2.413, Train CER: 0.0003, Test CER: 0.0241, Time: 44.432, F_no_retnorm_8_GPU_Bi_ret_12_synth_increase_gamma_along_layers_RetNet
Epoch: 398, Global Test CER: 0.0244
Epoch: 398, Train Loss: 2.413, Train CER: 0.0002, Test CER: 0.0244, Time: 44.113, F_no_retnorm_8_GPU_Bi_ret_12_synth_increase_gamma_along_layers_RetNet
Epoch: 399, Global Test CER: 0.0248
Epoch: 399, Train Loss: 2.413, Train CER: 0.0005, Test CER: 0.0248, Time: 43.774, F_no_retnorm_8_GPU_Bi_ret_12_synth_increase_gamma_along_layers_RetNet
Epoch: 400, Global Test CER: 0.0242
Epoch: 400, Train Loss: 2.413, Train CER: 0.0003, Test CER: 0.0242, Time: 43.519, F_no_retnorm_8_GPU_Bi_ret_12_synth_increase_gamma_along_layers_RetNet
Epoch: 401, Global Test CER: 0.0238
Epoch: 401, Train Loss: 2.413, Train CER: 0.0003, Test CER: 0.0238, Time: 43.215, F_no_retnorm_8_GPU_Bi_ret_12_synth_increase_gamma_along_layers_RetNet
Epoch: 402, Global Test CER: 0.0258
Epoch: 402, Train Loss: 2.413, Train CER: 0.0004, Test CER: 0.0258, Time: 44.068, F_no_retnorm_8_GPU_Bi_ret_12_synth_increase_gamma_along_layers_RetNet
Epoch: 403, Global Test CER: 0.0243
Epoch: 403, Train Loss: 2.413, Train CER: 0.0002, Test CER: 0.0243, Time: 43.321, F_no_retnorm_8_GPU_Bi_ret_12_synth_increase_gamma_along_layers_RetNet
Epoch: 404, Global Test CER: 0.0246
Epoch: 404, Train Loss: 2.413, Train CER: 0.0004, Test CER: 0.0246, Time: 59.077, F_no_retnorm_8_GPU_Bi_ret_12_synth_increase_gamma_along_layers_RetNet
Epoch: 405, Global Test CER: 0.0245
Epoch: 405, Train Loss: 2.413, Train CER: 0.0003, Test CER: 0.0245, Time: 49.610, F_no_retnorm_8_GPU_Bi_ret_12_synth_increase_gamma_along_layers_RetNet
Epoch: 406, Global Test CER: 0.0238
Epoch: 406, Train Loss: 2.413, Train CER: 0.0004, Test CER: 0.0238, Time: 63.769, F_no_retnorm_8_GPU_Bi_ret_12_synth_increase_gamma_along_layers_RetNet
Epoch: 407, Global Test CER: 0.0237
Epoch: 407, Train Loss: 2.413, Train CER: 0.0001, Test CER: 0.0237, Time: 56.920, F_no_retnorm_8_GPU_Bi_ret_12_synth_increase_gamma_along_layers_RetNet
Epoch: 408, Global Test CER: 0.0248
Epoch: 408, Train Loss: 2.413, Train CER: 0.0002, Test CER: 0.0248, Time: 43.375, F_no_retnorm_8_GPU_Bi_ret_12_synth_increase_gamma_along_layers_RetNet
Epoch: 409, Global Test CER: 0.0251
Epoch: 409, Train Loss: 2.413, Train CER: 0.0002, Test CER: 0.0251, Time: 43.600, F_no_retnorm_8_GPU_Bi_ret_12_synth_increase_gamma_along_layers_RetNet
Epoch: 410, Global Test CER: 0.0236
Epoch: 410, Train Loss: 2.413, Train CER: 0.0003, Test CER: 0.0236, Time: 43.517, F_no_retnorm_8_GPU_Bi_ret_12_synth_increase_gamma_along_layers_RetNet
Epoch: 411, Global Test CER: 0.0244
Epoch: 411, Train Loss: 2.413, Train CER: 0.0003, Test CER: 0.0244, Time: 44.138, F_no_retnorm_8_GPU_Bi_ret_12_synth_increase_gamma_along_layers_RetNet
Epoch: 412, Global Test CER: 0.0245
Epoch: 412, Train Loss: 2.413, Train CER: 0.0004, Test CER: 0.0245, Time: 43.481, F_no_retnorm_8_GPU_Bi_ret_12_synth_increase_gamma_along_layers_RetNet
Epoch: 413, Global Test CER: 0.0239
Epoch: 413, Train Loss: 2.413, Train CER: 0.0002, Test CER: 0.0239, Time: 43.779, F_no_retnorm_8_GPU_Bi_ret_12_synth_increase_gamma_along_layers_RetNet
Epoch: 414, Global Test CER: 0.0243
Epoch: 414, Train Loss: 2.413, Train CER: 0.0002, Test CER: 0.0243, Time: 44.105, F_no_retnorm_8_GPU_Bi_ret_12_synth_increase_gamma_along_layers_RetNet
Epoch: 415, Global Test CER: 0.0241
Epoch: 415, Train Loss: 2.413, Train CER: 0.0004, Test CER: 0.0241, Time: 44.155, F_no_retnorm_8_GPU_Bi_ret_12_synth_increase_gamma_along_layers_RetNet
Epoch: 416, Global Test CER: 0.0245
Epoch: 416, Train Loss: 2.413, Train CER: 0.0004, Test CER: 0.0245, Time: 44.849, F_no_retnorm_8_GPU_Bi_ret_12_synth_increase_gamma_along_layers_RetNet
Epoch: 417, Global Test CER: 0.0246
Epoch: 417, Train Loss: 2.413, Train CER: 0.0005, Test CER: 0.0246, Time: 45.254, F_no_retnorm_8_GPU_Bi_ret_12_synth_increase_gamma_along_layers_RetNet
Epoch: 418, Global Test CER: 0.0253
Epoch: 418, Train Loss: 2.413, Train CER: 0.0003, Test CER: 0.0253, Time: 44.162, F_no_retnorm_8_GPU_Bi_ret_12_synth_increase_gamma_along_layers_RetNet
Epoch: 419, Global Test CER: 0.0239
Epoch: 419, Train Loss: 2.413, Train CER: 0.0002, Test CER: 0.0239, Time: 43.631, F_no_retnorm_8_GPU_Bi_ret_12_synth_increase_gamma_along_layers_RetNet
Epoch: 420, Global Test CER: 0.0236
Epoch: 420, Train Loss: 2.413, Train CER: 0.0005, Test CER: 0.0236, Time: 43.967, F_no_retnorm_8_GPU_Bi_ret_12_synth_increase_gamma_along_layers_RetNet
Epoch: 421, Global Test CER: 0.0241
Epoch: 421, Train Loss: 2.413, Train CER: 0.0003, Test CER: 0.0241, Time: 44.194, F_no_retnorm_8_GPU_Bi_ret_12_synth_increase_gamma_along_layers_RetNet
Epoch: 422, Global Test CER: 0.0236
Epoch: 422, Train Loss: 2.413, Train CER: 0.0003, Test CER: 0.0236, Time: 43.517, F_no_retnorm_8_GPU_Bi_ret_12_synth_increase_gamma_along_layers_RetNet
Epoch: 423, Global Test CER: 0.0234
Epoch: 423, Train Loss: 2.413, Train CER: 0.0002, Test CER: 0.0234, Time: 45.194, F_no_retnorm_8_GPU_Bi_ret_12_synth_increase_gamma_along_layers_RetNet
Epoch: 424, Global Test CER: 0.0238
Epoch: 424, Train Loss: 2.413, Train CER: 0.0002, Test CER: 0.0238, Time: 58.467, F_no_retnorm_8_GPU_Bi_ret_12_synth_increase_gamma_along_layers_RetNet
Epoch: 425, Global Test CER: 0.0237
Epoch: 425, Train Loss: 2.413, Train CER: 0.0002, Test CER: 0.0237, Time: 44.418, F_no_retnorm_8_GPU_Bi_ret_12_synth_increase_gamma_along_layers_RetNet
Epoch: 426, Global Test CER: 0.0232
Epoch: 426, Train Loss: 2.413, Train CER: 0.0002, Test CER: 0.0232, Time: 43.704, F_no_retnorm_8_GPU_Bi_ret_12_synth_increase_gamma_along_layers_RetNet
Epoch: 427, Global Test CER: 0.0246
Epoch: 427, Train Loss: 2.413, Train CER: 0.0003, Test CER: 0.0246, Time: 44.195, F_no_retnorm_8_GPU_Bi_ret_12_synth_increase_gamma_along_layers_RetNet
Epoch: 428, Global Test CER: 0.0235
Epoch: 428, Train Loss: 2.413, Train CER: 0.0003, Test CER: 0.0235, Time: 44.117, F_no_retnorm_8_GPU_Bi_ret_12_synth_increase_gamma_along_layers_RetNet
Epoch: 429, Global Test CER: 0.0233
Epoch: 429, Train Loss: 2.413, Train CER: 0.0001, Test CER: 0.0233, Time: 43.862, F_no_retnorm_8_GPU_Bi_ret_12_synth_increase_gamma_along_layers_RetNet
Epoch: 430, Global Test CER: 0.0234
Epoch: 430, Train Loss: 2.413, Train CER: 0.0003, Test CER: 0.0234, Time: 43.771, F_no_retnorm_8_GPU_Bi_ret_12_synth_increase_gamma_along_layers_RetNet
Epoch: 431, Global Test CER: 0.0232
Epoch: 431, Train Loss: 2.413, Train CER: 0.0002, Test CER: 0.0232, Time: 43.850, F_no_retnorm_8_GPU_Bi_ret_12_synth_increase_gamma_along_layers_RetNet
Epoch: 432, Global Test CER: 0.0238
Epoch: 432, Train Loss: 2.413, Train CER: 0.0001, Test CER: 0.0238, Time: 63.977, F_no_retnorm_8_GPU_Bi_ret_12_synth_increase_gamma_along_layers_RetNet
Epoch: 433, Global Test CER: 0.0245
Epoch: 433, Train Loss: 2.413, Train CER: 0.0002, Test CER: 0.0245, Time: 50.852, F_no_retnorm_8_GPU_Bi_ret_12_synth_increase_gamma_along_layers_RetNet
Epoch: 434, Global Test CER: 0.0229
Epoch: 434, Train Loss: 2.413, Train CER: 0.0004, Test CER: 0.0229, Time: 43.673, F_no_retnorm_8_GPU_Bi_ret_12_synth_increase_gamma_along_layers_RetNet
Epoch: 435, Global Test CER: 0.0236
Epoch: 435, Train Loss: 2.413, Train CER: 0.0002, Test CER: 0.0236, Time: 43.348, F_no_retnorm_8_GPU_Bi_ret_12_synth_increase_gamma_along_layers_RetNet
Epoch: 436, Global Test CER: 0.0242
Epoch: 436, Train Loss: 2.413, Train CER: 0.0002, Test CER: 0.0242, Time: 43.311, F_no_retnorm_8_GPU_Bi_ret_12_synth_increase_gamma_along_layers_RetNet
Epoch: 437, Global Test CER: 0.0239
Epoch: 437, Train Loss: 2.413, Train CER: 0.0003, Test CER: 0.0239, Time: 46.497, F_no_retnorm_8_GPU_Bi_ret_12_synth_increase_gamma_along_layers_RetNet
Epoch: 438, Global Test CER: 0.0240
Epoch: 438, Train Loss: 2.413, Train CER: 0.0002, Test CER: 0.0240, Time: 44.038, F_no_retnorm_8_GPU_Bi_ret_12_synth_increase_gamma_along_layers_RetNet
Epoch: 439, Global Test CER: 0.0237
Epoch: 439, Train Loss: 2.413, Train CER: 0.0003, Test CER: 0.0237, Time: 43.397, F_no_retnorm_8_GPU_Bi_ret_12_synth_increase_gamma_along_layers_RetNet
Epoch: 440, Global Test CER: 0.0237
Epoch: 440, Train Loss: 2.413, Train CER: 0.0004, Test CER: 0.0237, Time: 48.294, F_no_retnorm_8_GPU_Bi_ret_12_synth_increase_gamma_along_layers_RetNet
Epoch: 441, Global Test CER: 0.0243
Epoch: 441, Train Loss: 2.413, Train CER: 0.0002, Test CER: 0.0243, Time: 42.971, F_no_retnorm_8_GPU_Bi_ret_12_synth_increase_gamma_along_layers_RetNet
Epoch: 442, Global Test CER: 0.0234
Epoch: 442, Train Loss: 2.413, Train CER: 0.0003, Test CER: 0.0234, Time: 44.495, F_no_retnorm_8_GPU_Bi_ret_12_synth_increase_gamma_along_layers_RetNet
Epoch: 443, Global Test CER: 0.0248
Epoch: 443, Train Loss: 2.413, Train CER: 0.0003, Test CER: 0.0248, Time: 44.305, F_no_retnorm_8_GPU_Bi_ret_12_synth_increase_gamma_along_layers_RetNet
Epoch: 444, Global Test CER: 0.0239
Epoch: 444, Train Loss: 2.413, Train CER: 0.0001, Test CER: 0.0239, Time: 50.234, F_no_retnorm_8_GPU_Bi_ret_12_synth_increase_gamma_along_layers_RetNet
Epoch: 445, Global Test CER: 0.0239
Epoch: 445, Train Loss: 2.413, Train CER: 0.0002, Test CER: 0.0239, Time: 44.881, F_no_retnorm_8_GPU_Bi_ret_12_synth_increase_gamma_along_layers_RetNet
Epoch: 446, Global Test CER: 0.0234
Epoch: 446, Train Loss: 2.413, Train CER: 0.0004, Test CER: 0.0234, Time: 43.404, F_no_retnorm_8_GPU_Bi_ret_12_synth_increase_gamma_along_layers_RetNet
Epoch: 447, Global Test CER: 0.0233
Epoch: 447, Train Loss: 2.413, Train CER: 0.0002, Test CER: 0.0233, Time: 44.462, F_no_retnorm_8_GPU_Bi_ret_12_synth_increase_gamma_along_layers_RetNet
Epoch: 448, Global Test CER: 0.0237
Epoch: 448, Train Loss: 2.413, Train CER: 0.0004, Test CER: 0.0237, Time: 44.739, F_no_retnorm_8_GPU_Bi_ret_12_synth_increase_gamma_along_layers_RetNet
Epoch: 449, Global Test CER: 0.0246
Epoch: 449, Train Loss: 2.413, Train CER: 0.0002, Test CER: 0.0246, Time: 63.866, F_no_retnorm_8_GPU_Bi_ret_12_synth_increase_gamma_along_layers_RetNet
Epoch: 450, Global Test CER: 0.0243
Epoch: 450, Train Loss: 2.413, Train CER: 0.0002, Test CER: 0.0243, Time: 45.674, F_no_retnorm_8_GPU_Bi_ret_12_synth_increase_gamma_along_layers_RetNet
Epoch: 451, Global Test CER: 0.0248
Epoch: 451, Train Loss: 2.413, Train CER: 0.0004, Test CER: 0.0248, Time: 44.996, F_no_retnorm_8_GPU_Bi_ret_12_synth_increase_gamma_along_layers_RetNet
Epoch: 452, Global Test CER: 0.0247
Epoch: 452, Train Loss: 2.413, Train CER: 0.0003, Test CER: 0.0247, Time: 44.288, F_no_retnorm_8_GPU_Bi_ret_12_synth_increase_gamma_along_layers_RetNet
Epoch: 453, Global Test CER: 0.0237
Epoch: 453, Train Loss: 2.413, Train CER: 0.0003, Test CER: 0.0237, Time: 45.607, F_no_retnorm_8_GPU_Bi_ret_12_synth_increase_gamma_along_layers_RetNet
Epoch: 454, Global Test CER: 0.0245
Epoch: 454, Train Loss: 2.413, Train CER: 0.0001, Test CER: 0.0245, Time: 44.174, F_no_retnorm_8_GPU_Bi_ret_12_synth_increase_gamma_along_layers_RetNet
Epoch: 455, Global Test CER: 0.0230
Epoch: 455, Train Loss: 2.413, Train CER: 0.0002, Test CER: 0.0230, Time: 44.807, F_no_retnorm_8_GPU_Bi_ret_12_synth_increase_gamma_along_layers_RetNet
Epoch: 456, Global Test CER: 0.0257
Epoch: 456, Train Loss: 2.413, Train CER: 0.0002, Test CER: 0.0257, Time: 44.108, F_no_retnorm_8_GPU_Bi_ret_12_synth_increase_gamma_along_layers_RetNet
Epoch: 457, Global Test CER: 0.0248
Epoch: 457, Train Loss: 2.413, Train CER: 0.0003, Test CER: 0.0248, Time: 44.115, F_no_retnorm_8_GPU_Bi_ret_12_synth_increase_gamma_along_layers_RetNet
Epoch: 458, Global Test CER: 0.0236
Epoch: 458, Train Loss: 2.413, Train CER: 0.0002, Test CER: 0.0236, Time: 43.940, F_no_retnorm_8_GPU_Bi_ret_12_synth_increase_gamma_along_layers_RetNet
Epoch: 459, Global Test CER: 0.0247
Epoch: 459, Train Loss: 2.413, Train CER: 0.0002, Test CER: 0.0247, Time: 43.790, F_no_retnorm_8_GPU_Bi_ret_12_synth_increase_gamma_along_layers_RetNet
Epoch: 460, Global Test CER: 0.0238
Epoch: 460, Train Loss: 2.413, Train CER: 0.0003, Test CER: 0.0238, Time: 43.800, F_no_retnorm_8_GPU_Bi_ret_12_synth_increase_gamma_along_layers_RetNet
Epoch: 461, Global Test CER: 0.0233
Epoch: 461, Train Loss: 2.413, Train CER: 0.0003, Test CER: 0.0233, Time: 48.407, F_no_retnorm_8_GPU_Bi_ret_12_synth_increase_gamma_along_layers_RetNet
Epoch: 462, Global Test CER: 0.0240
Epoch: 462, Train Loss: 2.413, Train CER: 0.0002, Test CER: 0.0240, Time: 43.813, F_no_retnorm_8_GPU_Bi_ret_12_synth_increase_gamma_along_layers_RetNet
Epoch: 463, Global Test CER: 0.0237
Epoch: 463, Train Loss: 2.413, Train CER: 0.0005, Test CER: 0.0237, Time: 44.316, F_no_retnorm_8_GPU_Bi_ret_12_synth_increase_gamma_along_layers_RetNet
Epoch: 464, Global Test CER: 0.0236
Epoch: 464, Train Loss: 2.413, Train CER: 0.0004, Test CER: 0.0236, Time: 44.128, F_no_retnorm_8_GPU_Bi_ret_12_synth_increase_gamma_along_layers_RetNet
Epoch: 465, Global Test CER: 0.0248
Epoch: 465, Train Loss: 2.413, Train CER: 0.0004, Test CER: 0.0248, Time: 44.345, F_no_retnorm_8_GPU_Bi_ret_12_synth_increase_gamma_along_layers_RetNet
Epoch: 466, Global Test CER: 0.0236
Epoch: 466, Train Loss: 2.413, Train CER: 0.0002, Test CER: 0.0236, Time: 43.821, F_no_retnorm_8_GPU_Bi_ret_12_synth_increase_gamma_along_layers_RetNet
Epoch: 467, Global Test CER: 0.0235
Epoch: 467, Train Loss: 2.413, Train CER: 0.0002, Test CER: 0.0235, Time: 43.907, F_no_retnorm_8_GPU_Bi_ret_12_synth_increase_gamma_along_layers_RetNet
Epoch: 468, Global Test CER: 0.0242
Epoch: 468, Train Loss: 2.413, Train CER: 0.0002, Test CER: 0.0242, Time: 43.773, F_no_retnorm_8_GPU_Bi_ret_12_synth_increase_gamma_along_layers_RetNet
Epoch: 469, Global Test CER: 0.0247
Epoch: 469, Train Loss: 2.413, Train CER: 0.0003, Test CER: 0.0247, Time: 43.125, F_no_retnorm_8_GPU_Bi_ret_12_synth_increase_gamma_along_layers_RetNet
Epoch: 470, Global Test CER: 0.0228
Epoch: 470, Train Loss: 2.413, Train CER: 0.0002, Test CER: 0.0228, Time: 43.745, F_no_retnorm_8_GPU_Bi_ret_12_synth_increase_gamma_along_layers_RetNet
Epoch: 471, Global Test CER: 0.0241
Epoch: 471, Train Loss: 2.413, Train CER: 0.0002, Test CER: 0.0241, Time: 43.512, F_no_retnorm_8_GPU_Bi_ret_12_synth_increase_gamma_along_layers_RetNet
Epoch: 472, Global Test CER: 0.0251
Epoch: 472, Train Loss: 2.413, Train CER: 0.0002, Test CER: 0.0251, Time: 53.867, F_no_retnorm_8_GPU_Bi_ret_12_synth_increase_gamma_along_layers_RetNet
Epoch: 473, Global Test CER: 0.0233
Epoch: 473, Train Loss: 2.413, Train CER: 0.0003, Test CER: 0.0233, Time: 42.856, F_no_retnorm_8_GPU_Bi_ret_12_synth_increase_gamma_along_layers_RetNet
Epoch: 474, Global Test CER: 0.0251
Epoch: 474, Train Loss: 2.413, Train CER: 0.0003, Test CER: 0.0251, Time: 43.925, F_no_retnorm_8_GPU_Bi_ret_12_synth_increase_gamma_along_layers_RetNet
Epoch: 475, Global Test CER: 0.0244
Epoch: 475, Train Loss: 2.413, Train CER: 0.0004, Test CER: 0.0244, Time: 45.078, F_no_retnorm_8_GPU_Bi_ret_12_synth_increase_gamma_along_layers_RetNet
Epoch: 476, Global Test CER: 0.0256
Epoch: 476, Train Loss: 2.413, Train CER: 0.0003, Test CER: 0.0256, Time: 44.398, F_no_retnorm_8_GPU_Bi_ret_12_synth_increase_gamma_along_layers_RetNet
Epoch: 477, Global Test CER: 0.0241
Epoch: 477, Train Loss: 2.413, Train CER: 0.0002, Test CER: 0.0241, Time: 45.200, F_no_retnorm_8_GPU_Bi_ret_12_synth_increase_gamma_along_layers_RetNet
Epoch: 478, Global Test CER: 0.0249
Epoch: 478, Train Loss: 2.413, Train CER: 0.0002, Test CER: 0.0249, Time: 43.094, F_no_retnorm_8_GPU_Bi_ret_12_synth_increase_gamma_along_layers_RetNet
Epoch: 479, Global Test CER: 0.0244
Epoch: 479, Train Loss: 2.413, Train CER: 0.0002, Test CER: 0.0244, Time: 43.553, F_no_retnorm_8_GPU_Bi_ret_12_synth_increase_gamma_along_layers_RetNet
Epoch: 480, Global Test CER: 0.0237
Epoch: 480, Train Loss: 2.413, Train CER: 0.0002, Test CER: 0.0237, Time: 44.202, F_no_retnorm_8_GPU_Bi_ret_12_synth_increase_gamma_along_layers_RetNet
Epoch: 481, Global Test CER: 0.0247
Epoch: 481, Train Loss: 2.413, Train CER: 0.0002, Test CER: 0.0247, Time: 43.552, F_no_retnorm_8_GPU_Bi_ret_12_synth_increase_gamma_along_layers_RetNet
Epoch: 482, Global Test CER: 0.0244
Epoch: 482, Train Loss: 2.413, Train CER: 0.0004, Test CER: 0.0244, Time: 43.523, F_no_retnorm_8_GPU_Bi_ret_12_synth_increase_gamma_along_layers_RetNet
Epoch: 483, Global Test CER: 0.0255
Epoch: 483, Train Loss: 2.413, Train CER: 0.0002, Test CER: 0.0255, Time: 45.430, F_no_retnorm_8_GPU_Bi_ret_12_synth_increase_gamma_along_layers_RetNet
Epoch: 484, Global Test CER: 0.0239
Epoch: 484, Train Loss: 2.413, Train CER: 0.0002, Test CER: 0.0239, Time: 43.199, F_no_retnorm_8_GPU_Bi_ret_12_synth_increase_gamma_along_layers_RetNet
Epoch: 485, Global Test CER: 0.0242
Epoch: 485, Train Loss: 2.413, Train CER: 0.0002, Test CER: 0.0242, Time: 45.099, F_no_retnorm_8_GPU_Bi_ret_12_synth_increase_gamma_along_layers_RetNet
Epoch: 486, Global Test CER: 0.0231
Epoch: 486, Train Loss: 2.413, Train CER: 0.0002, Test CER: 0.0231, Time: 61.461, F_no_retnorm_8_GPU_Bi_ret_12_synth_increase_gamma_along_layers_RetNet
Epoch: 487, Global Test CER: 0.0235
Epoch: 487, Train Loss: 2.413, Train CER: 0.0003, Test CER: 0.0235, Time: 44.595, F_no_retnorm_8_GPU_Bi_ret_12_synth_increase_gamma_along_layers_RetNet
Epoch: 488, Global Test CER: 0.0249
Epoch: 488, Train Loss: 2.413, Train CER: 0.0003, Test CER: 0.0249, Time: 43.838, F_no_retnorm_8_GPU_Bi_ret_12_synth_increase_gamma_along_layers_RetNet
Epoch: 489, Global Test CER: 0.0249
Epoch: 489, Train Loss: 2.413, Train CER: 0.0002, Test CER: 0.0249, Time: 43.399, F_no_retnorm_8_GPU_Bi_ret_12_synth_increase_gamma_along_layers_RetNet
Epoch: 490, Global Test CER: 0.0253
Epoch: 490, Train Loss: 2.413, Train CER: 0.0001, Test CER: 0.0253, Time: 44.080, F_no_retnorm_8_GPU_Bi_ret_12_synth_increase_gamma_along_layers_RetNet
Epoch: 491, Global Test CER: 0.0241
Epoch: 491, Train Loss: 2.413, Train CER: 0.0002, Test CER: 0.0241, Time: 44.855, F_no_retnorm_8_GPU_Bi_ret_12_synth_increase_gamma_along_layers_RetNet
Epoch: 492, Global Test CER: 0.0248
Epoch: 492, Train Loss: 2.413, Train CER: 0.0003, Test CER: 0.0248, Time: 58.974, F_no_retnorm_8_GPU_Bi_ret_12_synth_increase_gamma_along_layers_RetNet
Epoch: 493, Global Test CER: 0.0239
Epoch: 493, Train Loss: 2.413, Train CER: 0.0002, Test CER: 0.0239, Time: 44.156, F_no_retnorm_8_GPU_Bi_ret_12_synth_increase_gamma_along_layers_RetNet
Epoch: 494, Global Test CER: 0.0236
Epoch: 494, Train Loss: 2.413, Train CER: 0.0001, Test CER: 0.0236, Time: 43.963, F_no_retnorm_8_GPU_Bi_ret_12_synth_increase_gamma_along_layers_RetNet
Epoch: 495, Global Test CER: 0.0244
Epoch: 495, Train Loss: 2.413, Train CER: 0.0003, Test CER: 0.0244, Time: 44.130, F_no_retnorm_8_GPU_Bi_ret_12_synth_increase_gamma_along_layers_RetNet
Epoch: 496, Global Test CER: 0.0247
Epoch: 496, Train Loss: 2.413, Train CER: 0.0003, Test CER: 0.0247, Time: 54.766, F_no_retnorm_8_GPU_Bi_ret_12_synth_increase_gamma_along_layers_RetNet
Epoch: 497, Global Test CER: 0.0253
Epoch: 497, Train Loss: 2.413, Train CER: 0.0003, Test CER: 0.0253, Time: 43.769, F_no_retnorm_8_GPU_Bi_ret_12_synth_increase_gamma_along_layers_RetNet
Epoch: 498, Global Test CER: 0.0241
Epoch: 498, Train Loss: 2.413, Train CER: 0.0003, Test CER: 0.0241, Time: 44.675, F_no_retnorm_8_GPU_Bi_ret_12_synth_increase_gamma_along_layers_RetNet
Epoch: 499, Global Test CER: 0.0237
Epoch: 499, Train Loss: 2.413, Train CER: 0.0005, Test CER: 0.0237, Time: 43.154, F_no_retnorm_8_GPU_Bi_ret_12_synth_increase_gamma_along_layers_RetNet
Epoch: 500, Global Test CER: 0.0247
Epoch: 500, Train Loss: 2.413, Train CER: 0.0002, Test CER: 0.0247, Time: 43.629, F_no_retnorm_8_GPU_Bi_ret_12_synth_increase_gamma_along_layers_RetNet
Epoch: 501, Global Test CER: 0.0238
Epoch: 501, Train Loss: 2.413, Train CER: 0.0002, Test CER: 0.0238, Time: 42.932, F_no_retnorm_8_GPU_Bi_ret_12_synth_increase_gamma_along_layers_RetNet
Epoch: 502, Global Test CER: 0.0230
Epoch: 502, Train Loss: 2.413, Train CER: 0.0003, Test CER: 0.0230, Time: 43.266, F_no_retnorm_8_GPU_Bi_ret_12_synth_increase_gamma_along_layers_RetNet
Epoch: 503, Global Test CER: 0.0236
Epoch: 503, Train Loss: 2.413, Train CER: 0.0002, Test CER: 0.0236, Time: 43.467, F_no_retnorm_8_GPU_Bi_ret_12_synth_increase_gamma_along_layers_RetNet
Epoch: 504, Global Test CER: 0.0250
Epoch: 504, Train Loss: 2.413, Train CER: 0.0002, Test CER: 0.0250, Time: 44.019, F_no_retnorm_8_GPU_Bi_ret_12_synth_increase_gamma_along_layers_RetNet
Epoch: 505, Global Test CER: 0.0240
Epoch: 505, Train Loss: 2.413, Train CER: 0.0001, Test CER: 0.0240, Time: 44.379, F_no_retnorm_8_GPU_Bi_ret_12_synth_increase_gamma_along_layers_RetNet
Epoch: 506, Global Test CER: 0.0235
Epoch: 506, Train Loss: 2.413, Train CER: 0.0002, Test CER: 0.0235, Time: 43.371, F_no_retnorm_8_GPU_Bi_ret_12_synth_increase_gamma_along_layers_RetNet
Epoch: 507, Global Test CER: 0.0243
Epoch: 507, Train Loss: 2.413, Train CER: 0.0002, Test CER: 0.0243, Time: 43.463, F_no_retnorm_8_GPU_Bi_ret_12_synth_increase_gamma_along_layers_RetNet
Epoch: 508, Global Test CER: 0.0236
Epoch: 508, Train Loss: 2.413, Train CER: 0.0002, Test CER: 0.0236, Time: 43.513, F_no_retnorm_8_GPU_Bi_ret_12_synth_increase_gamma_along_layers_RetNet
Epoch: 509, Global Test CER: 0.0241
Epoch: 509, Train Loss: 2.413, Train CER: 0.0002, Test CER: 0.0241, Time: 43.401, F_no_retnorm_8_GPU_Bi_ret_12_synth_increase_gamma_along_layers_RetNet
Epoch: 510, Global Test CER: 0.0245
Epoch: 510, Train Loss: 2.413, Train CER: 0.0003, Test CER: 0.0245, Time: 44.293, F_no_retnorm_8_GPU_Bi_ret_12_synth_increase_gamma_along_layers_RetNet
Epoch: 511, Global Test CER: 0.0237
Epoch: 511, Train Loss: 2.413, Train CER: 0.0002, Test CER: 0.0237, Time: 43.244, F_no_retnorm_8_GPU_Bi_ret_12_synth_increase_gamma_along_layers_RetNet
Epoch: 512, Global Test CER: 0.0235
Epoch: 512, Train Loss: 2.413, Train CER: 0.0001, Test CER: 0.0235, Time: 43.671, F_no_retnorm_8_GPU_Bi_ret_12_synth_increase_gamma_along_layers_RetNet
Epoch: 513, Global Test CER: 0.0238
Epoch: 513, Train Loss: 2.413, Train CER: 0.0003, Test CER: 0.0238, Time: 43.557, F_no_retnorm_8_GPU_Bi_ret_12_synth_increase_gamma_along_layers_RetNet
Epoch: 514, Global Test CER: 0.0247
Epoch: 514, Train Loss: 2.413, Train CER: 0.0002, Test CER: 0.0247, Time: 44.860, F_no_retnorm_8_GPU_Bi_ret_12_synth_increase_gamma_along_layers_RetNet
Epoch: 515, Global Test CER: 0.0231
Epoch: 515, Train Loss: 2.413, Train CER: 0.0001, Test CER: 0.0231, Time: 43.439, F_no_retnorm_8_GPU_Bi_ret_12_synth_increase_gamma_along_layers_RetNet
Epoch: 516, Global Test CER: 0.0237
Epoch: 516, Train Loss: 2.413, Train CER: 0.0003, Test CER: 0.0237, Time: 43.388, F_no_retnorm_8_GPU_Bi_ret_12_synth_increase_gamma_along_layers_RetNet
Epoch: 517, Global Test CER: 0.0248
Epoch: 517, Train Loss: 2.413, Train CER: 0.0003, Test CER: 0.0248, Time: 43.265, F_no_retnorm_8_GPU_Bi_ret_12_synth_increase_gamma_along_layers_RetNet
Epoch: 518, Global Test CER: 0.0241
Epoch: 518, Train Loss: 2.413, Train CER: 0.0002, Test CER: 0.0241, Time: 59.948, F_no_retnorm_8_GPU_Bi_ret_12_synth_increase_gamma_along_layers_RetNet
Epoch: 519, Global Test CER: 0.0259
Epoch: 519, Train Loss: 2.413, Train CER: 0.0002, Test CER: 0.0259, Time: 43.200, F_no_retnorm_8_GPU_Bi_ret_12_synth_increase_gamma_along_layers_RetNet
Epoch: 520, Global Test CER: 0.0249
Epoch: 520, Train Loss: 2.413, Train CER: 0.0003, Test CER: 0.0249, Time: 43.501, F_no_retnorm_8_GPU_Bi_ret_12_synth_increase_gamma_along_layers_RetNet
Epoch: 521, Global Test CER: 0.0239
Epoch: 521, Train Loss: 2.413, Train CER: 0.0002, Test CER: 0.0239, Time: 43.668, F_no_retnorm_8_GPU_Bi_ret_12_synth_increase_gamma_along_layers_RetNet
Epoch: 522, Global Test CER: 0.0232
Epoch: 522, Train Loss: 2.413, Train CER: 0.0002, Test CER: 0.0232, Time: 46.639, F_no_retnorm_8_GPU_Bi_ret_12_synth_increase_gamma_along_layers_RetNet
Epoch: 523, Global Test CER: 0.0260
Epoch: 523, Train Loss: 2.413, Train CER: 0.0003, Test CER: 0.0260, Time: 44.003, F_no_retnorm_8_GPU_Bi_ret_12_synth_increase_gamma_along_layers_RetNet
Epoch: 524, Global Test CER: 0.0240
Epoch: 524, Train Loss: 2.413, Train CER: 0.0002, Test CER: 0.0240, Time: 43.910, F_no_retnorm_8_GPU_Bi_ret_12_synth_increase_gamma_along_layers_RetNet
Epoch: 525, Global Test CER: 0.0271
Epoch: 525, Train Loss: 2.413, Train CER: 0.0002, Test CER: 0.0271, Time: 45.152, F_no_retnorm_8_GPU_Bi_ret_12_synth_increase_gamma_along_layers_RetNet
Epoch: 526, Global Test CER: 0.0240
Epoch: 526, Train Loss: 2.413, Train CER: 0.0001, Test CER: 0.0240, Time: 43.457, F_no_retnorm_8_GPU_Bi_ret_12_synth_increase_gamma_along_layers_RetNet
Epoch: 527, Global Test CER: 0.0247
Epoch: 527, Train Loss: 2.413, Train CER: 0.0002, Test CER: 0.0247, Time: 43.391, F_no_retnorm_8_GPU_Bi_ret_12_synth_increase_gamma_along_layers_RetNet
Epoch: 528, Global Test CER: 0.0232
Epoch: 528, Train Loss: 2.413, Train CER: 0.0002, Test CER: 0.0232, Time: 43.954, F_no_retnorm_8_GPU_Bi_ret_12_synth_increase_gamma_along_layers_RetNet
Epoch: 529, Global Test CER: 0.0243
Epoch: 529, Train Loss: 2.413, Train CER: 0.0003, Test CER: 0.0243, Time: 43.670, F_no_retnorm_8_GPU_Bi_ret_12_synth_increase_gamma_along_layers_RetNet
Epoch: 530, Global Test CER: 0.0232
Epoch: 530, Train Loss: 2.413, Train CER: 0.0001, Test CER: 0.0232, Time: 43.117, F_no_retnorm_8_GPU_Bi_ret_12_synth_increase_gamma_along_layers_RetNet
Epoch: 531, Global Test CER: 0.0241
Epoch: 531, Train Loss: 2.413, Train CER: 0.0001, Test CER: 0.0241, Time: 43.734, F_no_retnorm_8_GPU_Bi_ret_12_synth_increase_gamma_along_layers_RetNet
Epoch: 532, Global Test CER: 0.0248
Epoch: 532, Train Loss: 2.413, Train CER: 0.0002, Test CER: 0.0248, Time: 43.134, F_no_retnorm_8_GPU_Bi_ret_12_synth_increase_gamma_along_layers_RetNet
Epoch: 533, Global Test CER: 0.0235
Epoch: 533, Train Loss: 2.413, Train CER: 0.0003, Test CER: 0.0235, Time: 43.349, F_no_retnorm_8_GPU_Bi_ret_12_synth_increase_gamma_along_layers_RetNet
Epoch: 534, Global Test CER: 0.0230
Epoch: 534, Train Loss: 2.413, Train CER: 0.0001, Test CER: 0.0230, Time: 43.411, F_no_retnorm_8_GPU_Bi_ret_12_synth_increase_gamma_along_layers_RetNet
Epoch: 535, Global Test CER: 0.0237
Epoch: 535, Train Loss: 2.413, Train CER: 0.0003, Test CER: 0.0237, Time: 43.219, F_no_retnorm_8_GPU_Bi_ret_12_synth_increase_gamma_along_layers_RetNet
Epoch: 536, Global Test CER: 0.0235
Epoch: 536, Train Loss: 2.413, Train CER: 0.0003, Test CER: 0.0235, Time: 43.415, F_no_retnorm_8_GPU_Bi_ret_12_synth_increase_gamma_along_layers_RetNet
Epoch: 537, Global Test CER: 0.0241
Epoch: 537, Train Loss: 2.413, Train CER: 0.0003, Test CER: 0.0241, Time: 58.992, F_no_retnorm_8_GPU_Bi_ret_12_synth_increase_gamma_along_layers_RetNet
Epoch: 538, Global Test CER: 0.0234
Epoch: 538, Train Loss: 2.413, Train CER: 0.0002, Test CER: 0.0234, Time: 43.540, F_no_retnorm_8_GPU_Bi_ret_12_synth_increase_gamma_along_layers_RetNet
Epoch: 539, Global Test CER: 0.0233
Epoch: 539, Train Loss: 2.413, Train CER: 0.0002, Test CER: 0.0233, Time: 43.515, F_no_retnorm_8_GPU_Bi_ret_12_synth_increase_gamma_along_layers_RetNet
Epoch: 540, Global Test CER: 0.0231
Epoch: 540, Train Loss: 2.413, Train CER: 0.0002, Test CER: 0.0231, Time: 48.315, F_no_retnorm_8_GPU_Bi_ret_12_synth_increase_gamma_along_layers_RetNet
Epoch: 541, Global Test CER: 0.0240
Epoch: 541, Train Loss: 2.413, Train CER: 0.0002, Test CER: 0.0240, Time: 43.030, F_no_retnorm_8_GPU_Bi_ret_12_synth_increase_gamma_along_layers_RetNet
Epoch: 542, Global Test CER: 0.0240
Epoch: 542, Train Loss: 2.413, Train CER: 0.0002, Test CER: 0.0240, Time: 43.866, F_no_retnorm_8_GPU_Bi_ret_12_synth_increase_gamma_along_layers_RetNet
Epoch: 543, Global Test CER: 0.0238
Epoch: 543, Train Loss: 2.413, Train CER: 0.0002, Test CER: 0.0238, Time: 43.246, F_no_retnorm_8_GPU_Bi_ret_12_synth_increase_gamma_along_layers_RetNet
Epoch: 544, Global Test CER: 0.0241
Epoch: 544, Train Loss: 2.413, Train CER: 0.0002, Test CER: 0.0241, Time: 43.064, F_no_retnorm_8_GPU_Bi_ret_12_synth_increase_gamma_along_layers_RetNet
Epoch: 545, Global Test CER: 0.0245
Epoch: 545, Train Loss: 2.413, Train CER: 0.0002, Test CER: 0.0245, Time: 43.721, F_no_retnorm_8_GPU_Bi_ret_12_synth_increase_gamma_along_layers_RetNet
Epoch: 546, Global Test CER: 0.0235
Epoch: 546, Train Loss: 2.413, Train CER: 0.0001, Test CER: 0.0235, Time: 43.746, F_no_retnorm_8_GPU_Bi_ret_12_synth_increase_gamma_along_layers_RetNet
Epoch: 547, Global Test CER: 0.0231
Epoch: 547, Train Loss: 2.413, Train CER: 0.0001, Test CER: 0.0231, Time: 43.168, F_no_retnorm_8_GPU_Bi_ret_12_synth_increase_gamma_along_layers_RetNet
Epoch: 548, Global Test CER: 0.0227
Epoch: 548, Train Loss: 2.413, Train CER: 0.0002, Test CER: 0.0227, Time: 43.477, F_no_retnorm_8_GPU_Bi_ret_12_synth_increase_gamma_along_layers_RetNet
Epoch: 549, Global Test CER: 0.0234
Epoch: 549, Train Loss: 2.413, Train CER: 0.0001, Test CER: 0.0234, Time: 42.717, F_no_retnorm_8_GPU_Bi_ret_12_synth_increase_gamma_along_layers_RetNet
Epoch: 550, Global Test CER: 0.0237
Epoch: 550, Train Loss: 2.413, Train CER: 0.0004, Test CER: 0.0237, Time: 43.376, F_no_retnorm_8_GPU_Bi_ret_12_synth_increase_gamma_along_layers_RetNet
Epoch: 551, Global Test CER: 0.0235
Epoch: 551, Train Loss: 2.413, Train CER: 0.0005, Test CER: 0.0235, Time: 43.135, F_no_retnorm_8_GPU_Bi_ret_12_synth_increase_gamma_along_layers_RetNet
Epoch: 552, Global Test CER: 0.0237
Epoch: 552, Train Loss: 2.413, Train CER: 0.0002, Test CER: 0.0237, Time: 43.006, F_no_retnorm_8_GPU_Bi_ret_12_synth_increase_gamma_along_layers_RetNet
Epoch: 553, Global Test CER: 0.0250
Epoch: 553, Train Loss: 2.413, Train CER: 0.0002, Test CER: 0.0250, Time: 44.025, F_no_retnorm_8_GPU_Bi_ret_12_synth_increase_gamma_along_layers_RetNet
Epoch: 554, Global Test CER: 0.0238
Epoch: 554, Train Loss: 2.413, Train CER: 0.0002, Test CER: 0.0238, Time: 43.703, F_no_retnorm_8_GPU_Bi_ret_12_synth_increase_gamma_along_layers_RetNet
Epoch: 555, Global Test CER: 0.0237
Epoch: 555, Train Loss: 2.413, Train CER: 0.0001, Test CER: 0.0237, Time: 43.501, F_no_retnorm_8_GPU_Bi_ret_12_synth_increase_gamma_along_layers_RetNet
Epoch: 556, Global Test CER: 0.0232
Epoch: 556, Train Loss: 2.413, Train CER: 0.0001, Test CER: 0.0232, Time: 44.201, F_no_retnorm_8_GPU_Bi_ret_12_synth_increase_gamma_along_layers_RetNet
Epoch: 557, Global Test CER: 0.0238
Epoch: 557, Train Loss: 2.413, Train CER: 0.0002, Test CER: 0.0238, Time: 43.856, F_no_retnorm_8_GPU_Bi_ret_12_synth_increase_gamma_along_layers_RetNet
Epoch: 558, Global Test CER: 0.0233
Epoch: 558, Train Loss: 2.413, Train CER: 0.0001, Test CER: 0.0233, Time: 57.987, F_no_retnorm_8_GPU_Bi_ret_12_synth_increase_gamma_along_layers_RetNet
Epoch: 559, Global Test CER: 0.0242
Epoch: 559, Train Loss: 2.413, Train CER: 0.0002, Test CER: 0.0242, Time: 44.610, F_no_retnorm_8_GPU_Bi_ret_12_synth_increase_gamma_along_layers_RetNet
Epoch: 560, Global Test CER: 0.0244
Epoch: 560, Train Loss: 2.413, Train CER: 0.0001, Test CER: 0.0244, Time: 43.838, F_no_retnorm_8_GPU_Bi_ret_12_synth_increase_gamma_along_layers_RetNet
Epoch: 561, Global Test CER: 0.0247
Epoch: 561, Train Loss: 2.413, Train CER: 0.0002, Test CER: 0.0247, Time: 57.490, F_no_retnorm_8_GPU_Bi_ret_12_synth_increase_gamma_along_layers_RetNet
Epoch: 562, Global Test CER: 0.0242
Epoch: 562, Train Loss: 2.413, Train CER: 0.0001, Test CER: 0.0242, Time: 46.316, F_no_retnorm_8_GPU_Bi_ret_12_synth_increase_gamma_along_layers_RetNet
Epoch: 563, Global Test CER: 0.0244
Epoch: 563, Train Loss: 2.413, Train CER: 0.0003, Test CER: 0.0244, Time: 43.401, F_no_retnorm_8_GPU_Bi_ret_12_synth_increase_gamma_along_layers_RetNet
Epoch: 564, Global Test CER: 0.0239
Epoch: 564, Train Loss: 2.413, Train CER: 0.0002, Test CER: 0.0239, Time: 43.269, F_no_retnorm_8_GPU_Bi_ret_12_synth_increase_gamma_along_layers_RetNet
Epoch: 565, Global Test CER: 0.0239
Epoch: 565, Train Loss: 2.413, Train CER: 0.0001, Test CER: 0.0239, Time: 44.047, F_no_retnorm_8_GPU_Bi_ret_12_synth_increase_gamma_along_layers_RetNet
Epoch: 566, Global Test CER: 0.0245
Epoch: 566, Train Loss: 2.413, Train CER: 0.0002, Test CER: 0.0245, Time: 49.122, F_no_retnorm_8_GPU_Bi_ret_12_synth_increase_gamma_along_layers_RetNet
Epoch: 567, Global Test CER: 0.0243
Epoch: 567, Train Loss: 2.413, Train CER: 0.0004, Test CER: 0.0243, Time: 43.800, F_no_retnorm_8_GPU_Bi_ret_12_synth_increase_gamma_along_layers_RetNet
Epoch: 568, Global Test CER: 0.0244
Epoch: 568, Train Loss: 2.413, Train CER: 0.0002, Test CER: 0.0244, Time: 43.677, F_no_retnorm_8_GPU_Bi_ret_12_synth_increase_gamma_along_layers_RetNet
Epoch: 569, Global Test CER: 0.0239
Epoch: 569, Train Loss: 2.413, Train CER: 0.0003, Test CER: 0.0239, Time: 44.005, F_no_retnorm_8_GPU_Bi_ret_12_synth_increase_gamma_along_layers_RetNet
Epoch: 570, Global Test CER: 0.0239
Epoch: 570, Train Loss: 2.413, Train CER: 0.0001, Test CER: 0.0239, Time: 44.432, F_no_retnorm_8_GPU_Bi_ret_12_synth_increase_gamma_along_layers_RetNet
Epoch: 571, Global Test CER: 0.0246
Epoch: 571, Train Loss: 2.413, Train CER: 0.0002, Test CER: 0.0246, Time: 43.322, F_no_retnorm_8_GPU_Bi_ret_12_synth_increase_gamma_along_layers_RetNet
Epoch: 572, Global Test CER: 0.0237
Epoch: 572, Train Loss: 2.413, Train CER: 0.0001, Test CER: 0.0237, Time: 43.594, F_no_retnorm_8_GPU_Bi_ret_12_synth_increase_gamma_along_layers_RetNet
Epoch: 573, Global Test CER: 0.0231
Epoch: 573, Train Loss: 2.413, Train CER: 0.0002, Test CER: 0.0231, Time: 43.557, F_no_retnorm_8_GPU_Bi_ret_12_synth_increase_gamma_along_layers_RetNet
Epoch: 574, Global Test CER: 0.0236
Epoch: 574, Train Loss: 2.413, Train CER: 0.0002, Test CER: 0.0236, Time: 44.020, F_no_retnorm_8_GPU_Bi_ret_12_synth_increase_gamma_along_layers_RetNet
Epoch: 575, Global Test CER: 0.0244
Epoch: 575, Train Loss: 2.413, Train CER: 0.0001, Test CER: 0.0244, Time: 43.926, F_no_retnorm_8_GPU_Bi_ret_12_synth_increase_gamma_along_layers_RetNet
Epoch: 576, Global Test CER: 0.0247
Epoch: 576, Train Loss: 2.413, Train CER: 0.0002, Test CER: 0.0247, Time: 43.299, F_no_retnorm_8_GPU_Bi_ret_12_synth_increase_gamma_along_layers_RetNet
Epoch: 577, Global Test CER: 0.0240
Epoch: 577, Train Loss: 2.413, Train CER: 0.0001, Test CER: 0.0240, Time: 62.481, F_no_retnorm_8_GPU_Bi_ret_12_synth_increase_gamma_along_layers_RetNet
Epoch: 578, Global Test CER: 0.0246
Epoch: 578, Train Loss: 2.413, Train CER: 0.0002, Test CER: 0.0246, Time: 43.449, F_no_retnorm_8_GPU_Bi_ret_12_synth_increase_gamma_along_layers_RetNet
Epoch: 579, Global Test CER: 0.0249
Epoch: 579, Train Loss: 2.413, Train CER: 0.0002, Test CER: 0.0249, Time: 43.717, F_no_retnorm_8_GPU_Bi_ret_12_synth_increase_gamma_along_layers_RetNet
Epoch: 580, Global Test CER: 0.0240
Epoch: 580, Train Loss: 2.413, Train CER: 0.0002, Test CER: 0.0240, Time: 43.752, F_no_retnorm_8_GPU_Bi_ret_12_synth_increase_gamma_along_layers_RetNet
Epoch: 581, Global Test CER: 0.0239
Epoch: 581, Train Loss: 2.413, Train CER: 0.0002, Test CER: 0.0239, Time: 43.060, F_no_retnorm_8_GPU_Bi_ret_12_synth_increase_gamma_along_layers_RetNet
Epoch: 582, Global Test CER: 0.0257
Epoch: 582, Train Loss: 2.413, Train CER: 0.0001, Test CER: 0.0257, Time: 43.093, F_no_retnorm_8_GPU_Bi_ret_12_synth_increase_gamma_along_layers_RetNet
Epoch: 583, Global Test CER: 0.0240
Epoch: 583, Train Loss: 2.413, Train CER: 0.0002, Test CER: 0.0240, Time: 62.579, F_no_retnorm_8_GPU_Bi_ret_12_synth_increase_gamma_along_layers_RetNet
Epoch: 584, Global Test CER: 0.0241
Epoch: 584, Train Loss: 2.413, Train CER: 0.0003, Test CER: 0.0241, Time: 43.051, F_no_retnorm_8_GPU_Bi_ret_12_synth_increase_gamma_along_layers_RetNet
Epoch: 585, Global Test CER: 0.0232
Epoch: 585, Train Loss: 2.413, Train CER: 0.0002, Test CER: 0.0232, Time: 46.318, F_no_retnorm_8_GPU_Bi_ret_12_synth_increase_gamma_along_layers_RetNet
Epoch: 586, Global Test CER: 0.0242
Epoch: 586, Train Loss: 2.413, Train CER: 0.0001, Test CER: 0.0242, Time: 43.313, F_no_retnorm_8_GPU_Bi_ret_12_synth_increase_gamma_along_layers_RetNet
Epoch: 587, Global Test CER: 0.0232
Epoch: 587, Train Loss: 2.413, Train CER: 0.0001, Test CER: 0.0232, Time: 43.373, F_no_retnorm_8_GPU_Bi_ret_12_synth_increase_gamma_along_layers_RetNet
Epoch: 588, Global Test CER: 0.0241
Epoch: 588, Train Loss: 2.413, Train CER: 0.0001, Test CER: 0.0241, Time: 42.954, F_no_retnorm_8_GPU_Bi_ret_12_synth_increase_gamma_along_layers_RetNet
Epoch: 589, Global Test CER: 0.0237
Epoch: 589, Train Loss: 2.413, Train CER: 0.0002, Test CER: 0.0237, Time: 56.078, F_no_retnorm_8_GPU_Bi_ret_12_synth_increase_gamma_along_layers_RetNet
Epoch: 590, Global Test CER: 0.0241
Epoch: 590, Train Loss: 2.413, Train CER: 0.0001, Test CER: 0.0241, Time: 43.634, F_no_retnorm_8_GPU_Bi_ret_12_synth_increase_gamma_along_layers_RetNet
Epoch: 591, Global Test CER: 0.0232
Epoch: 591, Train Loss: 2.413, Train CER: 0.0002, Test CER: 0.0232, Time: 43.343, F_no_retnorm_8_GPU_Bi_ret_12_synth_increase_gamma_along_layers_RetNet
Epoch: 592, Global Test CER: 0.0236
Epoch: 592, Train Loss: 2.413, Train CER: 0.0001, Test CER: 0.0236, Time: 43.587, F_no_retnorm_8_GPU_Bi_ret_12_synth_increase_gamma_along_layers_RetNet
Epoch: 593, Global Test CER: 0.0242
Epoch: 593, Train Loss: 2.413, Train CER: 0.0002, Test CER: 0.0242, Time: 43.273, F_no_retnorm_8_GPU_Bi_ret_12_synth_increase_gamma_along_layers_RetNet
Epoch: 594, Global Test CER: 0.0237
Epoch: 594, Train Loss: 2.413, Train CER: 0.0003, Test CER: 0.0237, Time: 43.446, F_no_retnorm_8_GPU_Bi_ret_12_synth_increase_gamma_along_layers_RetNet
Epoch: 595, Global Test CER: 0.0239
Epoch: 595, Train Loss: 2.413, Train CER: 0.0002, Test CER: 0.0239, Time: 43.065, F_no_retnorm_8_GPU_Bi_ret_12_synth_increase_gamma_along_layers_RetNet
Epoch: 596, Global Test CER: 0.0248
Epoch: 596, Train Loss: 2.413, Train CER: 0.0002, Test CER: 0.0248, Time: 44.092, F_no_retnorm_8_GPU_Bi_ret_12_synth_increase_gamma_along_layers_RetNet
Epoch: 597, Global Test CER: 0.0240
Epoch: 597, Train Loss: 2.413, Train CER: 0.0002, Test CER: 0.0240, Time: 43.663, F_no_retnorm_8_GPU_Bi_ret_12_synth_increase_gamma_along_layers_RetNet
Epoch: 598, Global Test CER: 0.0234
Epoch: 598, Train Loss: 2.413, Train CER: 0.0001, Test CER: 0.0234, Time: 43.008, F_no_retnorm_8_GPU_Bi_ret_12_synth_increase_gamma_along_layers_RetNet
Epoch: 599, Global Test CER: 0.0235
Epoch: 599, Train Loss: 2.413, Train CER: 0.0002, Test CER: 0.0235, Time: 43.256, F_no_retnorm_8_GPU_Bi_ret_12_synth_increase_gamma_along_layers_RetNet
Epoch: 600, Global Test CER: 0.0243
Epoch: 600, Train Loss: 2.413, Train CER: 0.0002, Test CER: 0.0243, Time: 43.047, F_no_retnorm_8_GPU_Bi_ret_12_synth_increase_gamma_along_layers_RetNet
Epoch: 601, Global Test CER: 0.0245
Epoch: 601, Train Loss: 2.413, Train CER: 0.0002, Test CER: 0.0245, Time: 47.650, F_no_retnorm_8_GPU_Bi_ret_12_synth_increase_gamma_along_layers_RetNet
Epoch: 602, Global Test CER: 0.0242
Epoch: 602, Train Loss: 2.413, Train CER: 0.0002, Test CER: 0.0242, Time: 43.854, F_no_retnorm_8_GPU_Bi_ret_12_synth_increase_gamma_along_layers_RetNet
Epoch: 603, Global Test CER: 0.0244
Epoch: 603, Train Loss: 2.413, Train CER: 0.0001, Test CER: 0.0244, Time: 44.698, F_no_retnorm_8_GPU_Bi_ret_12_synth_increase_gamma_along_layers_RetNet
Epoch: 604, Global Test CER: 0.0239
Epoch: 604, Train Loss: 2.413, Train CER: 0.0003, Test CER: 0.0239, Time: 43.687, F_no_retnorm_8_GPU_Bi_ret_12_synth_increase_gamma_along_layers_RetNet
Epoch: 605, Global Test CER: 0.0245
Epoch: 605, Train Loss: 2.413, Train CER: 0.0001, Test CER: 0.0245, Time: 63.636, F_no_retnorm_8_GPU_Bi_ret_12_synth_increase_gamma_along_layers_RetNet
Epoch: 606, Global Test CER: 0.0240
Epoch: 606, Train Loss: 2.413, Train CER: 0.0001, Test CER: 0.0240, Time: 43.215, F_no_retnorm_8_GPU_Bi_ret_12_synth_increase_gamma_along_layers_RetNet
Epoch: 607, Global Test CER: 0.0255
Epoch: 607, Train Loss: 2.413, Train CER: 0.0003, Test CER: 0.0255, Time: 43.181, F_no_retnorm_8_GPU_Bi_ret_12_synth_increase_gamma_along_layers_RetNet
Epoch: 608, Global Test CER: 0.0247
Epoch: 608, Train Loss: 2.413, Train CER: 0.0002, Test CER: 0.0247, Time: 43.966, F_no_retnorm_8_GPU_Bi_ret_12_synth_increase_gamma_along_layers_RetNet
Epoch: 609, Global Test CER: 0.0240
Epoch: 609, Train Loss: 2.413, Train CER: 0.0002, Test CER: 0.0240, Time: 42.999, F_no_retnorm_8_GPU_Bi_ret_12_synth_increase_gamma_along_layers_RetNet
Epoch: 610, Global Test CER: 0.0254
Epoch: 610, Train Loss: 2.413, Train CER: 0.0001, Test CER: 0.0254, Time: 43.039, F_no_retnorm_8_GPU_Bi_ret_12_synth_increase_gamma_along_layers_RetNet
Epoch: 611, Global Test CER: 0.0248
Epoch: 611, Train Loss: 2.413, Train CER: 0.0001, Test CER: 0.0248, Time: 43.064, F_no_retnorm_8_GPU_Bi_ret_12_synth_increase_gamma_along_layers_RetNet
Epoch: 612, Global Test CER: 0.0245
Epoch: 612, Train Loss: 2.413, Train CER: 0.0002, Test CER: 0.0245, Time: 43.269, F_no_retnorm_8_GPU_Bi_ret_12_synth_increase_gamma_along_layers_RetNet
Epoch: 613, Global Test CER: 0.0247
Epoch: 613, Train Loss: 2.413, Train CER: 0.0002, Test CER: 0.0247, Time: 43.339, F_no_retnorm_8_GPU_Bi_ret_12_synth_increase_gamma_along_layers_RetNet
Epoch: 614, Global Test CER: 0.0232
Epoch: 614, Train Loss: 2.413, Train CER: 0.0002, Test CER: 0.0232, Time: 42.992, F_no_retnorm_8_GPU_Bi_ret_12_synth_increase_gamma_along_layers_RetNet
Epoch: 615, Global Test CER: 0.0247
Epoch: 615, Train Loss: 2.413, Train CER: 0.0001, Test CER: 0.0247, Time: 43.999, F_no_retnorm_8_GPU_Bi_ret_12_synth_increase_gamma_along_layers_RetNet
Epoch: 616, Global Test CER: 0.0242
Epoch: 616, Train Loss: 2.413, Train CER: 0.0002, Test CER: 0.0242, Time: 43.143, F_no_retnorm_8_GPU_Bi_ret_12_synth_increase_gamma_along_layers_RetNet
Epoch: 617, Global Test CER: 0.0248
Epoch: 617, Train Loss: 2.413, Train CER: 0.0002, Test CER: 0.0248, Time: 59.124, F_no_retnorm_8_GPU_Bi_ret_12_synth_increase_gamma_along_layers_RetNet
Epoch: 618, Global Test CER: 0.0242
Epoch: 618, Train Loss: 2.413, Train CER: 0.0002, Test CER: 0.0242, Time: 43.761, F_no_retnorm_8_GPU_Bi_ret_12_synth_increase_gamma_along_layers_RetNet
Epoch: 619, Global Test CER: 0.0242
Epoch: 619, Train Loss: 2.413, Train CER: 0.0002, Test CER: 0.0242, Time: 48.798, F_no_retnorm_8_GPU_Bi_ret_12_synth_increase_gamma_along_layers_RetNet
Epoch: 620, Global Test CER: 0.0234
Epoch: 620, Train Loss: 2.413, Train CER: 0.0002, Test CER: 0.0234, Time: 43.427, F_no_retnorm_8_GPU_Bi_ret_12_synth_increase_gamma_along_layers_RetNet
Epoch: 621, Global Test CER: 0.0249
Epoch: 621, Train Loss: 2.413, Train CER: 0.0002, Test CER: 0.0249, Time: 42.972, F_no_retnorm_8_GPU_Bi_ret_12_synth_increase_gamma_along_layers_RetNet
Epoch: 622, Global Test CER: 0.0251
Epoch: 622, Train Loss: 2.413, Train CER: 0.0001, Test CER: 0.0251, Time: 43.567, F_no_retnorm_8_GPU_Bi_ret_12_synth_increase_gamma_along_layers_RetNet
Epoch: 623, Global Test CER: 0.0235
Epoch: 623, Train Loss: 2.413, Train CER: 0.0003, Test CER: 0.0235, Time: 43.404, F_no_retnorm_8_GPU_Bi_ret_12_synth_increase_gamma_along_layers_RetNet
Epoch: 624, Global Test CER: 0.0238
Epoch: 624, Train Loss: 2.413, Train CER: 0.0002, Test CER: 0.0238, Time: 43.212, F_no_retnorm_8_GPU_Bi_ret_12_synth_increase_gamma_along_layers_RetNet
Epoch: 625, Global Test CER: 0.0242
Epoch: 625, Train Loss: 2.413, Train CER: 0.0002, Test CER: 0.0242, Time: 43.325, F_no_retnorm_8_GPU_Bi_ret_12_synth_increase_gamma_along_layers_RetNet
Epoch: 626, Global Test CER: 0.0250
Epoch: 626, Train Loss: 2.413, Train CER: 0.0001, Test CER: 0.0250, Time: 43.367, F_no_retnorm_8_GPU_Bi_ret_12_synth_increase_gamma_along_layers_RetNet
Epoch: 627, Global Test CER: 0.0250
Epoch: 627, Train Loss: 2.413, Train CER: 0.0001, Test CER: 0.0250, Time: 43.251, F_no_retnorm_8_GPU_Bi_ret_12_synth_increase_gamma_along_layers_RetNet
Epoch: 628, Global Test CER: 0.0253
Epoch: 628, Train Loss: 2.413, Train CER: 0.0002, Test CER: 0.0253, Time: 43.715, F_no_retnorm_8_GPU_Bi_ret_12_synth_increase_gamma_along_layers_RetNet
Epoch: 629, Global Test CER: 0.0237
Epoch: 629, Train Loss: 2.413, Train CER: 0.0001, Test CER: 0.0237, Time: 43.305, F_no_retnorm_8_GPU_Bi_ret_12_synth_increase_gamma_along_layers_RetNet
Epoch: 630, Global Test CER: 0.0251
Epoch: 630, Train Loss: 2.413, Train CER: 0.0001, Test CER: 0.0251, Time: 43.329, F_no_retnorm_8_GPU_Bi_ret_12_synth_increase_gamma_along_layers_RetNet
Epoch: 631, Global Test CER: 0.0238
Epoch: 631, Train Loss: 2.413, Train CER: 0.0003, Test CER: 0.0238, Time: 61.972, F_no_retnorm_8_GPU_Bi_ret_12_synth_increase_gamma_along_layers_RetNet
Epoch: 632, Global Test CER: 0.0238
Epoch: 632, Train Loss: 2.413, Train CER: 0.0003, Test CER: 0.0238, Time: 60.959, F_no_retnorm_8_GPU_Bi_ret_12_synth_increase_gamma_along_layers_RetNet
Epoch: 633, Global Test CER: 0.0237
Epoch: 633, Train Loss: 2.413, Train CER: 0.0002, Test CER: 0.0237, Time: 43.369, F_no_retnorm_8_GPU_Bi_ret_12_synth_increase_gamma_along_layers_RetNet
Epoch: 634, Global Test CER: 0.0236
Epoch: 634, Train Loss: 2.413, Train CER: 0.0002, Test CER: 0.0236, Time: 54.776, F_no_retnorm_8_GPU_Bi_ret_12_synth_increase_gamma_along_layers_RetNet
Epoch: 635, Global Test CER: 0.0245
Epoch: 635, Train Loss: 2.413, Train CER: 0.0001, Test CER: 0.0245, Time: 43.617, F_no_retnorm_8_GPU_Bi_ret_12_synth_increase_gamma_along_layers_RetNet
Epoch: 636, Global Test CER: 0.0254
Epoch: 636, Train Loss: 2.413, Train CER: 0.0002, Test CER: 0.0254, Time: 44.396, F_no_retnorm_8_GPU_Bi_ret_12_synth_increase_gamma_along_layers_RetNet
Epoch: 637, Global Test CER: 0.0247
Epoch: 637, Train Loss: 2.413, Train CER: 0.0000, Test CER: 0.0247, Time: 44.417, F_no_retnorm_8_GPU_Bi_ret_12_synth_increase_gamma_along_layers_RetNet
Epoch: 638, Global Test CER: 0.0256
Epoch: 638, Train Loss: 2.413, Train CER: 0.0004, Test CER: 0.0256, Time: 44.221, F_no_retnorm_8_GPU_Bi_ret_12_synth_increase_gamma_along_layers_RetNet
Epoch: 639, Global Test CER: 0.0253
Epoch: 639, Train Loss: 2.413, Train CER: 0.0001, Test CER: 0.0253, Time: 43.198, F_no_retnorm_8_GPU_Bi_ret_12_synth_increase_gamma_along_layers_RetNet
Epoch: 640, Global Test CER: 0.0246
Epoch: 640, Train Loss: 2.413, Train CER: 0.0002, Test CER: 0.0246, Time: 46.441, F_no_retnorm_8_GPU_Bi_ret_12_synth_increase_gamma_along_layers_RetNet
Epoch: 641, Global Test CER: 0.0257
Epoch: 641, Train Loss: 2.413, Train CER: 0.0002, Test CER: 0.0257, Time: 42.756, F_no_retnorm_8_GPU_Bi_ret_12_synth_increase_gamma_along_layers_RetNet
Epoch: 642, Global Test CER: 0.0260
Epoch: 642, Train Loss: 2.413, Train CER: 0.0001, Test CER: 0.0260, Time: 43.283, F_no_retnorm_8_GPU_Bi_ret_12_synth_increase_gamma_along_layers_RetNet
Epoch: 643, Global Test CER: 0.0244
Epoch: 643, Train Loss: 2.413, Train CER: 0.0002, Test CER: 0.0244, Time: 43.072, F_no_retnorm_8_GPU_Bi_ret_12_synth_increase_gamma_along_layers_RetNet
Epoch: 644, Global Test CER: 0.0237
Epoch: 644, Train Loss: 2.413, Train CER: 0.0001, Test CER: 0.0237, Time: 42.998, F_no_retnorm_8_GPU_Bi_ret_12_synth_increase_gamma_along_layers_RetNet
Epoch: 645, Global Test CER: 0.0252
Epoch: 645, Train Loss: 2.413, Train CER: 0.0003, Test CER: 0.0252, Time: 44.744, F_no_retnorm_8_GPU_Bi_ret_12_synth_increase_gamma_along_layers_RetNet
Epoch: 646, Global Test CER: 0.0272
Epoch: 646, Train Loss: 2.413, Train CER: 0.0001, Test CER: 0.0272, Time: 42.901, F_no_retnorm_8_GPU_Bi_ret_12_synth_increase_gamma_along_layers_RetNet
Epoch: 647, Global Test CER: 0.0260
Epoch: 647, Train Loss: 2.413, Train CER: 0.0002, Test CER: 0.0260, Time: 43.305, F_no_retnorm_8_GPU_Bi_ret_12_synth_increase_gamma_along_layers_RetNet
Epoch: 648, Global Test CER: 0.0244
Epoch: 648, Train Loss: 2.413, Train CER: 0.0002, Test CER: 0.0244, Time: 43.391, F_no_retnorm_8_GPU_Bi_ret_12_synth_increase_gamma_along_layers_RetNet
Epoch: 649, Global Test CER: 0.0244
Epoch: 649, Train Loss: 2.413, Train CER: 0.0001, Test CER: 0.0244, Time: 50.069, F_no_retnorm_8_GPU_Bi_ret_12_synth_increase_gamma_along_layers_RetNet
Epoch: 650, Global Test CER: 0.0246
Epoch: 650, Train Loss: 2.413, Train CER: 0.0002, Test CER: 0.0246, Time: 43.137, F_no_retnorm_8_GPU_Bi_ret_12_synth_increase_gamma_along_layers_RetNet
Epoch: 651, Global Test CER: 0.0250
Epoch: 651, Train Loss: 2.413, Train CER: 0.0001, Test CER: 0.0250, Time: 43.072, F_no_retnorm_8_GPU_Bi_ret_12_synth_increase_gamma_along_layers_RetNet
Epoch: 652, Global Test CER: 0.0236
Epoch: 652, Train Loss: 2.413, Train CER: 0.0002, Test CER: 0.0236, Time: 58.828, F_no_retnorm_8_GPU_Bi_ret_12_synth_increase_gamma_along_layers_RetNet
Epoch: 653, Global Test CER: 0.0242
Epoch: 653, Train Loss: 2.413, Train CER: 0.0001, Test CER: 0.0242, Time: 42.710, F_no_retnorm_8_GPU_Bi_ret_12_synth_increase_gamma_along_layers_RetNet
Epoch: 654, Global Test CER: 0.0238
Epoch: 654, Train Loss: 2.413, Train CER: 0.0002, Test CER: 0.0238, Time: 42.782, F_no_retnorm_8_GPU_Bi_ret_12_synth_increase_gamma_along_layers_RetNet
Epoch: 655, Global Test CER: 0.0259
Epoch: 655, Train Loss: 2.413, Train CER: 0.0003, Test CER: 0.0259, Time: 42.926, F_no_retnorm_8_GPU_Bi_ret_12_synth_increase_gamma_along_layers_RetNet
Epoch: 656, Global Test CER: 0.0248
Epoch: 656, Train Loss: 2.413, Train CER: 0.0003, Test CER: 0.0248, Time: 43.455, F_no_retnorm_8_GPU_Bi_ret_12_synth_increase_gamma_along_layers_RetNet
Epoch: 657, Global Test CER: 0.0241
Epoch: 657, Train Loss: 2.413, Train CER: 0.0001, Test CER: 0.0241, Time: 42.837, F_no_retnorm_8_GPU_Bi_ret_12_synth_increase_gamma_along_layers_RetNet
Epoch: 658, Global Test CER: 0.0232
Epoch: 658, Train Loss: 2.413, Train CER: 0.0002, Test CER: 0.0232, Time: 44.038, F_no_retnorm_8_GPU_Bi_ret_12_synth_increase_gamma_along_layers_RetNet
Epoch: 659, Global Test CER: 0.0241
Epoch: 659, Train Loss: 2.413, Train CER: 0.0001, Test CER: 0.0241, Time: 43.145, F_no_retnorm_8_GPU_Bi_ret_12_synth_increase_gamma_along_layers_RetNet
Epoch: 660, Global Test CER: 0.0241
Epoch: 660, Train Loss: 2.413, Train CER: 0.0003, Test CER: 0.0241, Time: 42.814, F_no_retnorm_8_GPU_Bi_ret_12_synth_increase_gamma_along_layers_RetNet
Epoch: 661, Global Test CER: 0.0239
Epoch: 661, Train Loss: 2.413, Train CER: 0.0001, Test CER: 0.0239, Time: 42.495, F_no_retnorm_8_GPU_Bi_ret_12_synth_increase_gamma_along_layers_RetNet
Epoch: 662, Global Test CER: 0.0239
Epoch: 662, Train Loss: 2.413, Train CER: 0.0001, Test CER: 0.0239, Time: 42.789, F_no_retnorm_8_GPU_Bi_ret_12_synth_increase_gamma_along_layers_RetNet
Epoch: 663, Global Test CER: 0.0244
Epoch: 663, Train Loss: 2.413, Train CER: 0.0002, Test CER: 0.0244, Time: 42.805, F_no_retnorm_8_GPU_Bi_ret_12_synth_increase_gamma_along_layers_RetNet
Epoch: 664, Global Test CER: 0.0229
Epoch: 664, Train Loss: 2.413, Train CER: 0.0001, Test CER: 0.0229, Time: 42.899, F_no_retnorm_8_GPU_Bi_ret_12_synth_increase_gamma_along_layers_RetNet
Epoch: 665, Global Test CER: 0.0238
Epoch: 665, Train Loss: 2.413, Train CER: 0.0001, Test CER: 0.0238, Time: 42.824, F_no_retnorm_8_GPU_Bi_ret_12_synth_increase_gamma_along_layers_RetNet
Epoch: 666, Global Test CER: 0.0238
Epoch: 666, Train Loss: 2.413, Train CER: 0.0001, Test CER: 0.0238, Time: 42.684, F_no_retnorm_8_GPU_Bi_ret_12_synth_increase_gamma_along_layers_RetNet
Epoch: 667, Global Test CER: 0.0243
Epoch: 667, Train Loss: 2.413, Train CER: 0.0002, Test CER: 0.0243, Time: 42.631, F_no_retnorm_8_GPU_Bi_ret_12_synth_increase_gamma_along_layers_RetNet
Epoch: 668, Global Test CER: 0.0226
Epoch: 668, Train Loss: 2.413, Train CER: 0.0002, Test CER: 0.0226, Time: 43.842, F_no_retnorm_8_GPU_Bi_ret_12_synth_increase_gamma_along_layers_RetNet
Epoch: 669, Global Test CER: 0.0250
Epoch: 669, Train Loss: 2.413, Train CER: 0.0001, Test CER: 0.0250, Time: 49.590, F_no_retnorm_8_GPU_Bi_ret_12_synth_increase_gamma_along_layers_RetNet
Epoch: 670, Global Test CER: 0.0225
Epoch: 670, Train Loss: 2.413, Train CER: 0.0000, Test CER: 0.0225, Time: 43.598, F_no_retnorm_8_GPU_Bi_ret_12_synth_increase_gamma_along_layers_RetNet
Epoch: 671, Global Test CER: 0.0235
Epoch: 671, Train Loss: 2.413, Train CER: 0.0001, Test CER: 0.0235, Time: 42.914, F_no_retnorm_8_GPU_Bi_ret_12_synth_increase_gamma_along_layers_RetNet
Epoch: 672, Global Test CER: 0.0239
Epoch: 672, Train Loss: 2.413, Train CER: 0.0000, Test CER: 0.0239, Time: 42.776, F_no_retnorm_8_GPU_Bi_ret_12_synth_increase_gamma_along_layers_RetNet
Epoch: 673, Global Test CER: 0.0243
Epoch: 673, Train Loss: 2.413, Train CER: 0.0002, Test CER: 0.0243, Time: 42.921, F_no_retnorm_8_GPU_Bi_ret_12_synth_increase_gamma_along_layers_RetNet
Epoch: 674, Global Test CER: 0.0245
Epoch: 674, Train Loss: 2.413, Train CER: 0.0003, Test CER: 0.0245, Time: 43.028, F_no_retnorm_8_GPU_Bi_ret_12_synth_increase_gamma_along_layers_RetNet
Epoch: 675, Global Test CER: 0.0240
Epoch: 675, Train Loss: 2.413, Train CER: 0.0001, Test CER: 0.0240, Time: 60.578, F_no_retnorm_8_GPU_Bi_ret_12_synth_increase_gamma_along_layers_RetNet
Epoch: 676, Global Test CER: 0.0252
Epoch: 676, Train Loss: 2.413, Train CER: 0.0001, Test CER: 0.0252, Time: 43.101, F_no_retnorm_8_GPU_Bi_ret_12_synth_increase_gamma_along_layers_RetNet
Epoch: 677, Global Test CER: 0.0239
Epoch: 677, Train Loss: 2.413, Train CER: 0.0002, Test CER: 0.0239, Time: 43.342, F_no_retnorm_8_GPU_Bi_ret_12_synth_increase_gamma_along_layers_RetNet
Epoch: 678, Global Test CER: 0.0251
Epoch: 678, Train Loss: 2.413, Train CER: 0.0001, Test CER: 0.0251, Time: 43.825, F_no_retnorm_8_GPU_Bi_ret_12_synth_increase_gamma_along_layers_RetNet
Epoch: 679, Global Test CER: 0.0229
Epoch: 679, Train Loss: 2.413, Train CER: 0.0000, Test CER: 0.0229, Time: 43.000, F_no_retnorm_8_GPU_Bi_ret_12_synth_increase_gamma_along_layers_RetNet
Epoch: 680, Global Test CER: 0.0244
Epoch: 680, Train Loss: 2.413, Train CER: 0.0002, Test CER: 0.0244, Time: 44.427, F_no_retnorm_8_GPU_Bi_ret_12_synth_increase_gamma_along_layers_RetNet
Epoch: 681, Global Test CER: 0.0239
Epoch: 681, Train Loss: 2.413, Train CER: 0.0001, Test CER: 0.0239, Time: 43.623, F_no_retnorm_8_GPU_Bi_ret_12_synth_increase_gamma_along_layers_RetNet
Epoch: 682, Global Test CER: 0.0249
Epoch: 682, Train Loss: 2.413, Train CER: 0.0002, Test CER: 0.0249, Time: 43.467, F_no_retnorm_8_GPU_Bi_ret_12_synth_increase_gamma_along_layers_RetNet
Epoch: 683, Global Test CER: 0.0237
Epoch: 683, Train Loss: 2.413, Train CER: 0.0003, Test CER: 0.0237, Time: 57.463, F_no_retnorm_8_GPU_Bi_ret_12_synth_increase_gamma_along_layers_RetNet
Epoch: 684, Global Test CER: 0.0237
Epoch: 684, Train Loss: 2.413, Train CER: 0.0002, Test CER: 0.0237, Time: 43.311, F_no_retnorm_8_GPU_Bi_ret_12_synth_increase_gamma_along_layers_RetNet
Epoch: 685, Global Test CER: 0.0245
Epoch: 685, Train Loss: 2.413, Train CER: 0.0001, Test CER: 0.0245, Time: 43.252, F_no_retnorm_8_GPU_Bi_ret_12_synth_increase_gamma_along_layers_RetNet
Epoch: 686, Global Test CER: 0.0234
Epoch: 686, Train Loss: 2.413, Train CER: 0.0002, Test CER: 0.0234, Time: 43.050, F_no_retnorm_8_GPU_Bi_ret_12_synth_increase_gamma_along_layers_RetNet
Epoch: 687, Global Test CER: 0.0242
Epoch: 687, Train Loss: 2.413, Train CER: 0.0002, Test CER: 0.0242, Time: 43.215, F_no_retnorm_8_GPU_Bi_ret_12_synth_increase_gamma_along_layers_RetNet
Epoch: 688, Global Test CER: 0.0248
Epoch: 688, Train Loss: 2.413, Train CER: 0.0001, Test CER: 0.0248, Time: 43.330, F_no_retnorm_8_GPU_Bi_ret_12_synth_increase_gamma_along_layers_RetNet
Epoch: 689, Global Test CER: 0.0238
Epoch: 689, Train Loss: 2.413, Train CER: 0.0001, Test CER: 0.0238, Time: 44.422, F_no_retnorm_8_GPU_Bi_ret_12_synth_increase_gamma_along_layers_RetNet
Epoch: 690, Global Test CER: 0.0241
Epoch: 690, Train Loss: 2.413, Train CER: 0.0001, Test CER: 0.0241, Time: 43.317, F_no_retnorm_8_GPU_Bi_ret_12_synth_increase_gamma_along_layers_RetNet
Epoch: 691, Global Test CER: 0.0232
Epoch: 691, Train Loss: 2.413, Train CER: 0.0003, Test CER: 0.0232, Time: 43.622, F_no_retnorm_8_GPU_Bi_ret_12_synth_increase_gamma_along_layers_RetNet
Epoch: 692, Global Test CER: 0.0239
Epoch: 692, Train Loss: 2.413, Train CER: 0.0001, Test CER: 0.0239, Time: 44.080, F_no_retnorm_8_GPU_Bi_ret_12_synth_increase_gamma_along_layers_RetNet
Epoch: 693, Global Test CER: 0.0246
Epoch: 693, Train Loss: 2.413, Train CER: 0.0001, Test CER: 0.0246, Time: 42.806, F_no_retnorm_8_GPU_Bi_ret_12_synth_increase_gamma_along_layers_RetNet
Epoch: 694, Global Test CER: 0.0234
Epoch: 694, Train Loss: 2.413, Train CER: 0.0002, Test CER: 0.0234, Time: 63.215, F_no_retnorm_8_GPU_Bi_ret_12_synth_increase_gamma_along_layers_RetNet
Epoch: 695, Global Test CER: 0.0238
Epoch: 695, Train Loss: 2.413, Train CER: 0.0002, Test CER: 0.0238, Time: 53.197, F_no_retnorm_8_GPU_Bi_ret_12_synth_increase_gamma_along_layers_RetNet
Epoch: 696, Global Test CER: 0.0237
Epoch: 696, Train Loss: 2.413, Train CER: 0.0002, Test CER: 0.0237, Time: 43.208, F_no_retnorm_8_GPU_Bi_ret_12_synth_increase_gamma_along_layers_RetNet
Epoch: 697, Global Test CER: 0.0232
Epoch: 697, Train Loss: 2.413, Train CER: 0.0001, Test CER: 0.0232, Time: 48.785, F_no_retnorm_8_GPU_Bi_ret_12_synth_increase_gamma_along_layers_RetNet
Epoch: 698, Global Test CER: 0.0235
Epoch: 698, Train Loss: 2.413, Train CER: 0.0001, Test CER: 0.0235, Time: 43.723, F_no_retnorm_8_GPU_Bi_ret_12_synth_increase_gamma_along_layers_RetNet
Epoch: 699, Global Test CER: 0.0234
Epoch: 699, Train Loss: 2.413, Train CER: 0.0002, Test CER: 0.0234, Time: 42.731, F_no_retnorm_8_GPU_Bi_ret_12_synth_increase_gamma_along_layers_RetNet
Epoch: 700, Global Test CER: 0.0232
Epoch: 700, Train Loss: 2.413, Train CER: 0.0002, Test CER: 0.0232, Time: 57.128, F_no_retnorm_8_GPU_Bi_ret_12_synth_increase_gamma_along_layers_RetNet
Epoch: 701, Global Test CER: 0.0230
Epoch: 701, Train Loss: 2.413, Train CER: 0.0000, Test CER: 0.0230, Time: 43.251, F_no_retnorm_8_GPU_Bi_ret_12_synth_increase_gamma_along_layers_RetNet
Epoch: 702, Global Test CER: 0.0235
Epoch: 702, Train Loss: 2.413, Train CER: 0.0002, Test CER: 0.0235, Time: 42.977, F_no_retnorm_8_GPU_Bi_ret_12_synth_increase_gamma_along_layers_RetNet
Epoch: 703, Global Test CER: 0.0241
Epoch: 703, Train Loss: 2.413, Train CER: 0.0003, Test CER: 0.0241, Time: 60.746, F_no_retnorm_8_GPU_Bi_ret_12_synth_increase_gamma_along_layers_RetNet
Epoch: 704, Global Test CER: 0.0239
Epoch: 704, Train Loss: 2.413, Train CER: 0.0001, Test CER: 0.0239, Time: 43.263, F_no_retnorm_8_GPU_Bi_ret_12_synth_increase_gamma_along_layers_RetNet
Epoch: 705, Global Test CER: 0.0242
Epoch: 705, Train Loss: 2.413, Train CER: 0.0001, Test CER: 0.0242, Time: 43.340, F_no_retnorm_8_GPU_Bi_ret_12_synth_increase_gamma_along_layers_RetNet
Epoch: 706, Global Test CER: 0.0239
Epoch: 706, Train Loss: 2.413, Train CER: 0.0001, Test CER: 0.0239, Time: 43.267, F_no_retnorm_8_GPU_Bi_ret_12_synth_increase_gamma_along_layers_RetNet
Epoch: 707, Global Test CER: 0.0239
Epoch: 707, Train Loss: 2.413, Train CER: 0.0002, Test CER: 0.0239, Time: 43.036, F_no_retnorm_8_GPU_Bi_ret_12_synth_increase_gamma_along_layers_RetNet
Epoch: 708, Global Test CER: 0.0249
Epoch: 708, Train Loss: 2.413, Train CER: 0.0001, Test CER: 0.0249, Time: 43.030, F_no_retnorm_8_GPU_Bi_ret_12_synth_increase_gamma_along_layers_RetNet
Epoch: 709, Global Test CER: 0.0236
Epoch: 709, Train Loss: 2.413, Train CER: 0.0002, Test CER: 0.0236, Time: 43.238, F_no_retnorm_8_GPU_Bi_ret_12_synth_increase_gamma_along_layers_RetNet
Epoch: 710, Global Test CER: 0.0238
Epoch: 710, Train Loss: 2.413, Train CER: 0.0002, Test CER: 0.0238, Time: 55.232, F_no_retnorm_8_GPU_Bi_ret_12_synth_increase_gamma_along_layers_RetNet
Epoch: 711, Global Test CER: 0.0235
Epoch: 711, Train Loss: 2.413, Train CER: 0.0002, Test CER: 0.0235, Time: 42.994, F_no_retnorm_8_GPU_Bi_ret_12_synth_increase_gamma_along_layers_RetNet
Epoch: 712, Global Test CER: 0.0240
Epoch: 712, Train Loss: 2.413, Train CER: 0.0002, Test CER: 0.0240, Time: 43.684, F_no_retnorm_8_GPU_Bi_ret_12_synth_increase_gamma_along_layers_RetNet
Epoch: 713, Global Test CER: 0.0236
Epoch: 713, Train Loss: 2.413, Train CER: 0.0000, Test CER: 0.0236, Time: 44.013, F_no_retnorm_8_GPU_Bi_ret_12_synth_increase_gamma_along_layers_RetNet
Epoch: 714, Global Test CER: 0.0236
Epoch: 714, Train Loss: 2.413, Train CER: 0.0002, Test CER: 0.0236, Time: 43.608, F_no_retnorm_8_GPU_Bi_ret_12_synth_increase_gamma_along_layers_RetNet
Epoch: 715, Global Test CER: 0.0236
Epoch: 715, Train Loss: 2.413, Train CER: 0.0001, Test CER: 0.0236, Time: 43.020, F_no_retnorm_8_GPU_Bi_ret_12_synth_increase_gamma_along_layers_RetNet
Epoch: 716, Global Test CER: 0.0244
Epoch: 716, Train Loss: 2.413, Train CER: 0.0002, Test CER: 0.0244, Time: 43.510, F_no_retnorm_8_GPU_Bi_ret_12_synth_increase_gamma_along_layers_RetNet
Epoch: 717, Global Test CER: 0.0232
Epoch: 717, Train Loss: 2.413, Train CER: 0.0002, Test CER: 0.0232, Time: 57.877, F_no_retnorm_8_GPU_Bi_ret_12_synth_increase_gamma_along_layers_RetNet
Epoch: 718, Global Test CER: 0.0234
Epoch: 718, Train Loss: 2.413, Train CER: 0.0002, Test CER: 0.0234, Time: 43.065, F_no_retnorm_8_GPU_Bi_ret_12_synth_increase_gamma_along_layers_RetNet
Epoch: 719, Global Test CER: 0.0231
Epoch: 719, Train Loss: 2.413, Train CER: 0.0002, Test CER: 0.0231, Time: 45.908, F_no_retnorm_8_GPU_Bi_ret_12_synth_increase_gamma_along_layers_RetNet
Epoch: 720, Global Test CER: 0.0234
Epoch: 720, Train Loss: 2.413, Train CER: 0.0001, Test CER: 0.0234, Time: 42.968, F_no_retnorm_8_GPU_Bi_ret_12_synth_increase_gamma_along_layers_RetNet
Epoch: 721, Global Test CER: 0.0233
Epoch: 721, Train Loss: 2.413, Train CER: 0.0001, Test CER: 0.0233, Time: 43.001, F_no_retnorm_8_GPU_Bi_ret_12_synth_increase_gamma_along_layers_RetNet
Epoch: 722, Global Test CER: 0.0238
Epoch: 722, Train Loss: 2.413, Train CER: 0.0000, Test CER: 0.0238, Time: 43.159, F_no_retnorm_8_GPU_Bi_ret_12_synth_increase_gamma_along_layers_RetNet
Epoch: 723, Global Test CER: 0.0240
Epoch: 723, Train Loss: 2.413, Train CER: 0.0000, Test CER: 0.0240, Time: 42.824, F_no_retnorm_8_GPU_Bi_ret_12_synth_increase_gamma_along_layers_RetNet
Epoch: 724, Global Test CER: 0.0233
Epoch: 724, Train Loss: 2.413, Train CER: 0.0001, Test CER: 0.0233, Time: 43.134, F_no_retnorm_8_GPU_Bi_ret_12_synth_increase_gamma_along_layers_RetNet
Epoch: 725, Global Test CER: 0.0237
Epoch: 725, Train Loss: 2.413, Train CER: 0.0001, Test CER: 0.0237, Time: 42.896, F_no_retnorm_8_GPU_Bi_ret_12_synth_increase_gamma_along_layers_RetNet
Epoch: 726, Global Test CER: 0.0232
Epoch: 726, Train Loss: 2.413, Train CER: 0.0001, Test CER: 0.0232, Time: 43.094, F_no_retnorm_8_GPU_Bi_ret_12_synth_increase_gamma_along_layers_RetNet
Epoch: 727, Global Test CER: 0.0237
Epoch: 727, Train Loss: 2.413, Train CER: 0.0002, Test CER: 0.0237, Time: 43.572, F_no_retnorm_8_GPU_Bi_ret_12_synth_increase_gamma_along_layers_RetNet
Epoch: 728, Global Test CER: 0.0236
Epoch: 728, Train Loss: 2.413, Train CER: 0.0002, Test CER: 0.0236, Time: 43.928, F_no_retnorm_8_GPU_Bi_ret_12_synth_increase_gamma_along_layers_RetNet
Epoch: 729, Global Test CER: 0.0238
Epoch: 729, Train Loss: 2.413, Train CER: 0.0002, Test CER: 0.0238, Time: 43.398, F_no_retnorm_8_GPU_Bi_ret_12_synth_increase_gamma_along_layers_RetNet
Epoch: 730, Global Test CER: 0.0234
Epoch: 730, Train Loss: 2.413, Train CER: 0.0001, Test CER: 0.0234, Time: 43.555, F_no_retnorm_8_GPU_Bi_ret_12_synth_increase_gamma_along_layers_RetNet
Epoch: 731, Global Test CER: 0.0233
Epoch: 731, Train Loss: 2.413, Train CER: 0.0001, Test CER: 0.0233, Time: 43.186, F_no_retnorm_8_GPU_Bi_ret_12_synth_increase_gamma_along_layers_RetNet
Epoch: 732, Global Test CER: 0.0235
Epoch: 732, Train Loss: 2.413, Train CER: 0.0002, Test CER: 0.0235, Time: 62.899, F_no_retnorm_8_GPU_Bi_ret_12_synth_increase_gamma_along_layers_RetNet
Epoch: 733, Global Test CER: 0.0235
Epoch: 733, Train Loss: 2.413, Train CER: 0.0001, Test CER: 0.0235, Time: 43.100, F_no_retnorm_8_GPU_Bi_ret_12_synth_increase_gamma_along_layers_RetNet
Epoch: 734, Global Test CER: 0.0239
Epoch: 734, Train Loss: 2.413, Train CER: 0.0001, Test CER: 0.0239, Time: 44.044, F_no_retnorm_8_GPU_Bi_ret_12_synth_increase_gamma_along_layers_RetNet
Epoch: 735, Global Test CER: 0.0236
Epoch: 735, Train Loss: 2.413, Train CER: 0.0002, Test CER: 0.0236, Time: 43.324, F_no_retnorm_8_GPU_Bi_ret_12_synth_increase_gamma_along_layers_RetNet
Epoch: 736, Global Test CER: 0.0237
Epoch: 736, Train Loss: 2.413, Train CER: 0.0001, Test CER: 0.0237, Time: 43.473, F_no_retnorm_8_GPU_Bi_ret_12_synth_increase_gamma_along_layers_RetNet
Epoch: 737, Global Test CER: 0.0238
Epoch: 737, Train Loss: 2.413, Train CER: 0.0001, Test CER: 0.0238, Time: 44.646, F_no_retnorm_8_GPU_Bi_ret_12_synth_increase_gamma_along_layers_RetNet
Epoch: 738, Global Test CER: 0.0235
Epoch: 738, Train Loss: 2.413, Train CER: 0.0001, Test CER: 0.0235, Time: 43.010, F_no_retnorm_8_GPU_Bi_ret_12_synth_increase_gamma_along_layers_RetNet
Epoch: 739, Global Test CER: 0.0236
Epoch: 739, Train Loss: 2.413, Train CER: 0.0002, Test CER: 0.0236, Time: 43.224, F_no_retnorm_8_GPU_Bi_ret_12_synth_increase_gamma_along_layers_RetNet
Epoch: 740, Global Test CER: 0.0235
Epoch: 740, Train Loss: 2.413, Train CER: 0.0001, Test CER: 0.0235, Time: 43.198, F_no_retnorm_8_GPU_Bi_ret_12_synth_increase_gamma_along_layers_RetNet
Epoch: 741, Global Test CER: 0.0239
Epoch: 741, Train Loss: 2.413, Train CER: 0.0001, Test CER: 0.0239, Time: 42.829, F_no_retnorm_8_GPU_Bi_ret_12_synth_increase_gamma_along_layers_RetNet
Epoch: 742, Global Test CER: 0.0236
Epoch: 742, Train Loss: 2.413, Train CER: 0.0000, Test CER: 0.0236, Time: 53.264, F_no_retnorm_8_GPU_Bi_ret_12_synth_increase_gamma_along_layers_RetNet
Epoch: 743, Global Test CER: 0.0238
Epoch: 743, Train Loss: 2.413, Train CER: 0.0000, Test CER: 0.0238, Time: 57.983, F_no_retnorm_8_GPU_Bi_ret_12_synth_increase_gamma_along_layers_RetNet
Epoch: 744, Global Test CER: 0.0233
Epoch: 744, Train Loss: 2.413, Train CER: 0.0001, Test CER: 0.0233, Time: 43.077, F_no_retnorm_8_GPU_Bi_ret_12_synth_increase_gamma_along_layers_RetNet
Epoch: 745, Global Test CER: 0.0243
Epoch: 745, Train Loss: 2.413, Train CER: 0.0001, Test CER: 0.0243, Time: 43.210, F_no_retnorm_8_GPU_Bi_ret_12_synth_increase_gamma_along_layers_RetNet
Epoch: 746, Global Test CER: 0.0244
Epoch: 746, Train Loss: 2.413, Train CER: 0.0002, Test CER: 0.0244, Time: 43.114, F_no_retnorm_8_GPU_Bi_ret_12_synth_increase_gamma_along_layers_RetNet
Epoch: 747, Global Test CER: 0.0240
Epoch: 747, Train Loss: 2.413, Train CER: 0.0001, Test CER: 0.0240, Time: 43.325, F_no_retnorm_8_GPU_Bi_ret_12_synth_increase_gamma_along_layers_RetNet
Epoch: 748, Global Test CER: 0.0243
Epoch: 748, Train Loss: 2.413, Train CER: 0.0001, Test CER: 0.0243, Time: 43.682, F_no_retnorm_8_GPU_Bi_ret_12_synth_increase_gamma_along_layers_RetNet
Epoch: 749, Global Test CER: 0.0243
Epoch: 749, Train Loss: 2.413, Train CER: 0.0001, Test CER: 0.0243, Time: 43.733, F_no_retnorm_8_GPU_Bi_ret_12_synth_increase_gamma_along_layers_RetNet
Epoch: 750, Global Test CER: 0.0243
Epoch: 750, Train Loss: 2.413, Train CER: 0.0001, Test CER: 0.0243, Time: 43.701, F_no_retnorm_8_GPU_Bi_ret_12_synth_increase_gamma_along_layers_RetNet
Epoch: 751, Global Test CER: 0.0234
Epoch: 751, Train Loss: 2.413, Train CER: 0.0001, Test CER: 0.0234, Time: 43.310, F_no_retnorm_8_GPU_Bi_ret_12_synth_increase_gamma_along_layers_RetNet
Epoch: 752, Global Test CER: 0.0235
Epoch: 752, Train Loss: 2.413, Train CER: 0.0001, Test CER: 0.0235, Time: 54.628, F_no_retnorm_8_GPU_Bi_ret_12_synth_increase_gamma_along_layers_RetNet
Epoch: 753, Global Test CER: 0.0245
Epoch: 753, Train Loss: 2.413, Train CER: 0.0001, Test CER: 0.0245, Time: 44.137, F_no_retnorm_8_GPU_Bi_ret_12_synth_increase_gamma_along_layers_RetNet
Epoch: 754, Global Test CER: 0.0238
Epoch: 754, Train Loss: 2.413, Train CER: 0.0001, Test CER: 0.0238, Time: 43.616, F_no_retnorm_8_GPU_Bi_ret_12_synth_increase_gamma_along_layers_RetNet
Epoch: 755, Global Test CER: 0.0231
Epoch: 755, Train Loss: 2.413, Train CER: 0.0001, Test CER: 0.0231, Time: 43.490, F_no_retnorm_8_GPU_Bi_ret_12_synth_increase_gamma_along_layers_RetNet
Epoch: 756, Global Test CER: 0.0235
Epoch: 756, Train Loss: 2.413, Train CER: 0.0001, Test CER: 0.0235, Time: 43.584, F_no_retnorm_8_GPU_Bi_ret_12_synth_increase_gamma_along_layers_RetNet
Epoch: 757, Global Test CER: 0.0239
Epoch: 757, Train Loss: 2.413, Train CER: 0.0001, Test CER: 0.0239, Time: 43.329, F_no_retnorm_8_GPU_Bi_ret_12_synth_increase_gamma_along_layers_RetNet
Epoch: 758, Global Test CER: 0.0241
Epoch: 758, Train Loss: 2.413, Train CER: 0.0001, Test CER: 0.0241, Time: 48.102, F_no_retnorm_8_GPU_Bi_ret_12_synth_increase_gamma_along_layers_RetNet
Epoch: 759, Global Test CER: 0.0238
Epoch: 759, Train Loss: 2.413, Train CER: 0.0001, Test CER: 0.0238, Time: 43.569, F_no_retnorm_8_GPU_Bi_ret_12_synth_increase_gamma_along_layers_RetNet
Epoch: 760, Global Test CER: 0.0234
Epoch: 760, Train Loss: 2.413, Train CER: 0.0002, Test CER: 0.0234, Time: 45.861, F_no_retnorm_8_GPU_Bi_ret_12_synth_increase_gamma_along_layers_RetNet
Epoch: 761, Global Test CER: 0.0246
Epoch: 761, Train Loss: 2.413, Train CER: 0.0001, Test CER: 0.0246, Time: 44.121, F_no_retnorm_8_GPU_Bi_ret_12_synth_increase_gamma_along_layers_RetNet
Epoch: 762, Global Test CER: 0.0240
Epoch: 762, Train Loss: 2.413, Train CER: 0.0001, Test CER: 0.0240, Time: 43.213, F_no_retnorm_8_GPU_Bi_ret_12_synth_increase_gamma_along_layers_RetNet
Epoch: 763, Global Test CER: 0.0242
Epoch: 763, Train Loss: 2.413, Train CER: 0.0001, Test CER: 0.0242, Time: 43.676, F_no_retnorm_8_GPU_Bi_ret_12_synth_increase_gamma_along_layers_RetNet
Epoch: 764, Global Test CER: 0.0234
Epoch: 764, Train Loss: 2.413, Train CER: 0.0002, Test CER: 0.0234, Time: 43.754, F_no_retnorm_8_GPU_Bi_ret_12_synth_increase_gamma_along_layers_RetNet
Epoch: 765, Global Test CER: 0.0235
Epoch: 765, Train Loss: 2.413, Train CER: 0.0002, Test CER: 0.0235, Time: 43.580, F_no_retnorm_8_GPU_Bi_ret_12_synth_increase_gamma_along_layers_RetNet
Epoch: 766, Global Test CER: 0.0238
Epoch: 766, Train Loss: 2.413, Train CER: 0.0005, Test CER: 0.0238, Time: 44.023, F_no_retnorm_8_GPU_Bi_ret_12_synth_increase_gamma_along_layers_RetNet
Epoch: 767, Global Test CER: 0.0241
Epoch: 767, Train Loss: 2.413, Train CER: 0.0001, Test CER: 0.0241, Time: 43.303, F_no_retnorm_8_GPU_Bi_ret_12_synth_increase_gamma_along_layers_RetNet
Epoch: 768, Global Test CER: 0.0233
Epoch: 768, Train Loss: 2.413, Train CER: 0.0000, Test CER: 0.0233, Time: 43.820, F_no_retnorm_8_GPU_Bi_ret_12_synth_increase_gamma_along_layers_RetNet
Epoch: 769, Global Test CER: 0.0238
Epoch: 769, Train Loss: 2.413, Train CER: 0.0002, Test CER: 0.0238, Time: 43.495, F_no_retnorm_8_GPU_Bi_ret_12_synth_increase_gamma_along_layers_RetNet
Epoch: 770, Global Test CER: 0.0232
Epoch: 770, Train Loss: 2.413, Train CER: 0.0001, Test CER: 0.0232, Time: 43.882, F_no_retnorm_8_GPU_Bi_ret_12_synth_increase_gamma_along_layers_RetNet
Epoch: 771, Global Test CER: 0.0238
Epoch: 771, Train Loss: 2.413, Train CER: 0.0002, Test CER: 0.0238, Time: 60.701, F_no_retnorm_8_GPU_Bi_ret_12_synth_increase_gamma_along_layers_RetNet
Epoch: 772, Global Test CER: 0.0228
Epoch: 772, Train Loss: 2.413, Train CER: 0.0001, Test CER: 0.0228, Time: 43.144, F_no_retnorm_8_GPU_Bi_ret_12_synth_increase_gamma_along_layers_RetNet
Epoch: 773, Global Test CER: 0.0228
Epoch: 773, Train Loss: 2.413, Train CER: 0.0001, Test CER: 0.0228, Time: 43.425, F_no_retnorm_8_GPU_Bi_ret_12_synth_increase_gamma_along_layers_RetNet
Epoch: 774, Global Test CER: 0.0228
Epoch: 774, Train Loss: 2.413, Train CER: 0.0002, Test CER: 0.0228, Time: 43.307, F_no_retnorm_8_GPU_Bi_ret_12_synth_increase_gamma_along_layers_RetNet
Epoch: 775, Global Test CER: 0.0230
Epoch: 775, Train Loss: 2.413, Train CER: 0.0001, Test CER: 0.0230, Time: 43.453, F_no_retnorm_8_GPU_Bi_ret_12_synth_increase_gamma_along_layers_RetNet
Epoch: 776, Global Test CER: 0.0239
Epoch: 776, Train Loss: 2.413, Train CER: 0.0001, Test CER: 0.0239, Time: 48.965, F_no_retnorm_8_GPU_Bi_ret_12_synth_increase_gamma_along_layers_RetNet
Epoch: 777, Global Test CER: 0.0243
Epoch: 777, Train Loss: 2.413, Train CER: 0.0001, Test CER: 0.0243, Time: 43.327, F_no_retnorm_8_GPU_Bi_ret_12_synth_increase_gamma_along_layers_RetNet
Epoch: 778, Global Test CER: 0.0233
Epoch: 778, Train Loss: 2.413, Train CER: 0.0002, Test CER: 0.0233, Time: 43.314, F_no_retnorm_8_GPU_Bi_ret_12_synth_increase_gamma_along_layers_RetNet
Epoch: 779, Global Test CER: 0.0236
Epoch: 779, Train Loss: 2.413, Train CER: 0.0003, Test CER: 0.0236, Time: 42.889, F_no_retnorm_8_GPU_Bi_ret_12_synth_increase_gamma_along_layers_RetNet
Epoch: 780, Global Test CER: 0.0234
Epoch: 780, Train Loss: 2.413, Train CER: 0.0001, Test CER: 0.0234, Time: 43.281, F_no_retnorm_8_GPU_Bi_ret_12_synth_increase_gamma_along_layers_RetNet
Epoch: 781, Global Test CER: 0.0232
Epoch: 781, Train Loss: 2.413, Train CER: 0.0002, Test CER: 0.0232, Time: 43.270, F_no_retnorm_8_GPU_Bi_ret_12_synth_increase_gamma_along_layers_RetNet
Epoch: 782, Global Test CER: 0.0235
Epoch: 782, Train Loss: 2.413, Train CER: 0.0001, Test CER: 0.0235, Time: 43.557, F_no_retnorm_8_GPU_Bi_ret_12_synth_increase_gamma_along_layers_RetNet
Epoch: 783, Global Test CER: 0.0236
Epoch: 783, Train Loss: 2.413, Train CER: 0.0001, Test CER: 0.0236, Time: 43.221, F_no_retnorm_8_GPU_Bi_ret_12_synth_increase_gamma_along_layers_RetNet
Epoch: 784, Global Test CER: 0.0241
Epoch: 784, Train Loss: 2.413, Train CER: 0.0001, Test CER: 0.0241, Time: 43.185, F_no_retnorm_8_GPU_Bi_ret_12_synth_increase_gamma_along_layers_RetNet
Epoch: 785, Global Test CER: 0.0235
Epoch: 785, Train Loss: 2.413, Train CER: 0.0001, Test CER: 0.0235, Time: 43.398, F_no_retnorm_8_GPU_Bi_ret_12_synth_increase_gamma_along_layers_RetNet
Epoch: 786, Global Test CER: 0.0239
Epoch: 786, Train Loss: 2.413, Train CER: 0.0001, Test CER: 0.0239, Time: 44.286, F_no_retnorm_8_GPU_Bi_ret_12_synth_increase_gamma_along_layers_RetNet
Epoch: 787, Global Test CER: 0.0238
Epoch: 787, Train Loss: 2.413, Train CER: 0.0002, Test CER: 0.0238, Time: 44.648, F_no_retnorm_8_GPU_Bi_ret_12_synth_increase_gamma_along_layers_RetNet
Epoch: 788, Global Test CER: 0.0236
Epoch: 788, Train Loss: 2.413, Train CER: 0.0001, Test CER: 0.0236, Time: 44.966, F_no_retnorm_8_GPU_Bi_ret_12_synth_increase_gamma_along_layers_RetNet
Epoch: 789, Global Test CER: 0.0242
Epoch: 789, Train Loss: 2.413, Train CER: 0.0001, Test CER: 0.0242, Time: 44.407, F_no_retnorm_8_GPU_Bi_ret_12_synth_increase_gamma_along_layers_RetNet
Epoch: 790, Global Test CER: 0.0239
Epoch: 790, Train Loss: 2.413, Train CER: 0.0001, Test CER: 0.0239, Time: 45.007, F_no_retnorm_8_GPU_Bi_ret_12_synth_increase_gamma_along_layers_RetNet
Epoch: 791, Global Test CER: 0.0238
Epoch: 791, Train Loss: 2.413, Train CER: 0.0001, Test CER: 0.0238, Time: 44.483, F_no_retnorm_8_GPU_Bi_ret_12_synth_increase_gamma_along_layers_RetNet
Epoch: 792, Global Test CER: 0.0248
Epoch: 792, Train Loss: 2.413, Train CER: 0.0001, Test CER: 0.0248, Time: 44.421, F_no_retnorm_8_GPU_Bi_ret_12_synth_increase_gamma_along_layers_RetNet
Epoch: 793, Global Test CER: 0.0249
Epoch: 793, Train Loss: 2.413, Train CER: 0.0000, Test CER: 0.0249, Time: 44.571, F_no_retnorm_8_GPU_Bi_ret_12_synth_increase_gamma_along_layers_RetNet
Epoch: 794, Global Test CER: 0.0240
Epoch: 794, Train Loss: 2.413, Train CER: 0.0002, Test CER: 0.0240, Time: 43.996, F_no_retnorm_8_GPU_Bi_ret_12_synth_increase_gamma_along_layers_RetNet
Epoch: 795, Global Test CER: 0.0238
Epoch: 795, Train Loss: 2.413, Train CER: 0.0001, Test CER: 0.0238, Time: 44.601, F_no_retnorm_8_GPU_Bi_ret_12_synth_increase_gamma_along_layers_RetNet
Epoch: 796, Global Test CER: 0.0239
Epoch: 796, Train Loss: 2.413, Train CER: 0.0001, Test CER: 0.0239, Time: 43.563, F_no_retnorm_8_GPU_Bi_ret_12_synth_increase_gamma_along_layers_RetNet
Epoch: 797, Global Test CER: 0.0244
Epoch: 797, Train Loss: 2.413, Train CER: 0.0002, Test CER: 0.0244, Time: 43.947, F_no_retnorm_8_GPU_Bi_ret_12_synth_increase_gamma_along_layers_RetNet
Epoch: 798, Global Test CER: 0.0238
Epoch: 798, Train Loss: 2.413, Train CER: 0.0001, Test CER: 0.0238, Time: 52.093, F_no_retnorm_8_GPU_Bi_ret_12_synth_increase_gamma_along_layers_RetNet
Epoch: 799, Global Test CER: 0.0241
Epoch: 799, Train Loss: 2.413, Train CER: 0.0001, Test CER: 0.0241, Time: 43.805, F_no_retnorm_8_GPU_Bi_ret_12_synth_increase_gamma_along_layers_RetNet
Epoch: 800, Global Test CER: 0.0246
Epoch: 800, Train Loss: 2.413, Train CER: 0.0001, Test CER: 0.0246, Time: 44.525, F_no_retnorm_8_GPU_Bi_ret_12_synth_increase_gamma_along_layers_RetNet
Epoch: 801, Global Test CER: 0.0255
Epoch: 801, Train Loss: 2.413, Train CER: 0.0002, Test CER: 0.0255, Time: 44.027, F_no_retnorm_8_GPU_Bi_ret_12_synth_increase_gamma_along_layers_RetNet
Epoch: 802, Global Test CER: 0.0243
Epoch: 802, Train Loss: 2.413, Train CER: 0.0001, Test CER: 0.0243, Time: 47.557, F_no_retnorm_8_GPU_Bi_ret_12_synth_increase_gamma_along_layers_RetNet
Epoch: 803, Global Test CER: 0.0242
Epoch: 803, Train Loss: 2.413, Train CER: 0.0002, Test CER: 0.0242, Time: 58.102, F_no_retnorm_8_GPU_Bi_ret_12_synth_increase_gamma_along_layers_RetNet
Epoch: 804, Global Test CER: 0.0243
Epoch: 804, Train Loss: 2.413, Train CER: 0.0001, Test CER: 0.0243, Time: 65.588, F_no_retnorm_8_GPU_Bi_ret_12_synth_increase_gamma_along_layers_RetNet
Epoch: 805, Global Test CER: 0.0247
Epoch: 805, Train Loss: 2.413, Train CER: 0.0000, Test CER: 0.0247, Time: 51.034, F_no_retnorm_8_GPU_Bi_ret_12_synth_increase_gamma_along_layers_RetNet
Epoch: 806, Global Test CER: 0.0245
Epoch: 806, Train Loss: 2.413, Train CER: 0.0001, Test CER: 0.0245, Time: 45.294, F_no_retnorm_8_GPU_Bi_ret_12_synth_increase_gamma_along_layers_RetNet
Epoch: 807, Global Test CER: 0.0242
Epoch: 807, Train Loss: 2.413, Train CER: 0.0001, Test CER: 0.0242, Time: 44.853, F_no_retnorm_8_GPU_Bi_ret_12_synth_increase_gamma_along_layers_RetNet
Epoch: 808, Global Test CER: 0.0253
Epoch: 808, Train Loss: 2.413, Train CER: 0.0001, Test CER: 0.0253, Time: 45.360, F_no_retnorm_8_GPU_Bi_ret_12_synth_increase_gamma_along_layers_RetNet
Epoch: 809, Global Test CER: 0.0248
Epoch: 809, Train Loss: 2.413, Train CER: 0.0001, Test CER: 0.0248, Time: 44.646, F_no_retnorm_8_GPU_Bi_ret_12_synth_increase_gamma_along_layers_RetNet
Epoch: 810, Global Test CER: 0.0250
Epoch: 810, Train Loss: 2.413, Train CER: 0.0001, Test CER: 0.0250, Time: 43.553, F_no_retnorm_8_GPU_Bi_ret_12_synth_increase_gamma_along_layers_RetNet
Epoch: 811, Global Test CER: 0.0248
Epoch: 811, Train Loss: 2.413, Train CER: 0.0001, Test CER: 0.0248, Time: 43.340, F_no_retnorm_8_GPU_Bi_ret_12_synth_increase_gamma_along_layers_RetNet
Epoch: 812, Global Test CER: 0.0239
Epoch: 812, Train Loss: 2.413, Train CER: 0.0001, Test CER: 0.0239, Time: 43.963, F_no_retnorm_8_GPU_Bi_ret_12_synth_increase_gamma_along_layers_RetNet
Epoch: 813, Global Test CER: 0.0240
Epoch: 813, Train Loss: 2.413, Train CER: 0.0001, Test CER: 0.0240, Time: 43.085, F_no_retnorm_8_GPU_Bi_ret_12_synth_increase_gamma_along_layers_RetNet
Epoch: 814, Global Test CER: 0.0243
Epoch: 814, Train Loss: 2.413, Train CER: 0.0001, Test CER: 0.0243, Time: 44.264, F_no_retnorm_8_GPU_Bi_ret_12_synth_increase_gamma_along_layers_RetNet
Epoch: 815, Global Test CER: 0.0232
Epoch: 815, Train Loss: 2.413, Train CER: 0.0002, Test CER: 0.0232, Time: 44.502, F_no_retnorm_8_GPU_Bi_ret_12_synth_increase_gamma_along_layers_RetNet
Epoch: 816, Global Test CER: 0.0239
Epoch: 816, Train Loss: 2.413, Train CER: 0.0002, Test CER: 0.0239, Time: 55.749, F_no_retnorm_8_GPU_Bi_ret_12_synth_increase_gamma_along_layers_RetNet
Epoch: 817, Global Test CER: 0.0238
Epoch: 817, Train Loss: 2.413, Train CER: 0.0001, Test CER: 0.0238, Time: 43.296, F_no_retnorm_8_GPU_Bi_ret_12_synth_increase_gamma_along_layers_RetNet
Epoch: 818, Global Test CER: 0.0244
Epoch: 818, Train Loss: 2.413, Train CER: 0.0002, Test CER: 0.0244, Time: 43.636, F_no_retnorm_8_GPU_Bi_ret_12_synth_increase_gamma_along_layers_RetNet
Epoch: 819, Global Test CER: 0.0238
Epoch: 819, Train Loss: 2.413, Train CER: 0.0001, Test CER: 0.0238, Time: 43.560, F_no_retnorm_8_GPU_Bi_ret_12_synth_increase_gamma_along_layers_RetNet
Epoch: 820, Global Test CER: 0.0249
Epoch: 820, Train Loss: 2.413, Train CER: 0.0000, Test CER: 0.0249, Time: 42.827, F_no_retnorm_8_GPU_Bi_ret_12_synth_increase_gamma_along_layers_RetNet
Epoch: 821, Global Test CER: 0.0240
Epoch: 821, Train Loss: 2.413, Train CER: 0.0001, Test CER: 0.0240, Time: 42.878, F_no_retnorm_8_GPU_Bi_ret_12_synth_increase_gamma_along_layers_RetNet
Epoch: 822, Global Test CER: 0.0237
Epoch: 822, Train Loss: 2.413, Train CER: 0.0001, Test CER: 0.0237, Time: 43.810, F_no_retnorm_8_GPU_Bi_ret_12_synth_increase_gamma_along_layers_RetNet
Epoch: 823, Global Test CER: 0.0239
Epoch: 823, Train Loss: 2.413, Train CER: 0.0003, Test CER: 0.0239, Time: 43.643, F_no_retnorm_8_GPU_Bi_ret_12_synth_increase_gamma_along_layers_RetNet
Epoch: 824, Global Test CER: 0.0246
Epoch: 824, Train Loss: 2.413, Train CER: 0.0001, Test CER: 0.0246, Time: 43.409, F_no_retnorm_8_GPU_Bi_ret_12_synth_increase_gamma_along_layers_RetNet
Epoch: 825, Global Test CER: 0.0244
Epoch: 825, Train Loss: 2.413, Train CER: 0.0002, Test CER: 0.0244, Time: 43.358, F_no_retnorm_8_GPU_Bi_ret_12_synth_increase_gamma_along_layers_RetNet
Epoch: 826, Global Test CER: 0.0236
Epoch: 826, Train Loss: 2.413, Train CER: 0.0000, Test CER: 0.0236, Time: 43.458, F_no_retnorm_8_GPU_Bi_ret_12_synth_increase_gamma_along_layers_RetNet
Epoch: 827, Global Test CER: 0.0245
Epoch: 827, Train Loss: 2.413, Train CER: 0.0001, Test CER: 0.0245, Time: 43.617, F_no_retnorm_8_GPU_Bi_ret_12_synth_increase_gamma_along_layers_RetNet
Epoch: 828, Global Test CER: 0.0240
Epoch: 828, Train Loss: 2.413, Train CER: 0.0001, Test CER: 0.0240, Time: 43.268, F_no_retnorm_8_GPU_Bi_ret_12_synth_increase_gamma_along_layers_RetNet
Epoch: 829, Global Test CER: 0.0237
Epoch: 829, Train Loss: 2.413, Train CER: 0.0001, Test CER: 0.0237, Time: 43.358, F_no_retnorm_8_GPU_Bi_ret_12_synth_increase_gamma_along_layers_RetNet
Epoch: 830, Global Test CER: 0.0236
Epoch: 830, Train Loss: 2.413, Train CER: 0.0001, Test CER: 0.0236, Time: 44.095, F_no_retnorm_8_GPU_Bi_ret_12_synth_increase_gamma_along_layers_RetNet
Epoch: 831, Global Test CER: 0.0243
Epoch: 831, Train Loss: 2.413, Train CER: 0.0001, Test CER: 0.0243, Time: 43.425, F_no_retnorm_8_GPU_Bi_ret_12_synth_increase_gamma_along_layers_RetNet
Epoch: 832, Global Test CER: 0.0246
Epoch: 832, Train Loss: 2.413, Train CER: 0.0002, Test CER: 0.0246, Time: 52.853, F_no_retnorm_8_GPU_Bi_ret_12_synth_increase_gamma_along_layers_RetNet
Epoch: 833, Global Test CER: 0.0240
Epoch: 833, Train Loss: 2.413, Train CER: 0.0001, Test CER: 0.0240, Time: 61.137, F_no_retnorm_8_GPU_Bi_ret_12_synth_increase_gamma_along_layers_RetNet
Epoch: 834, Global Test CER: 0.0242
Epoch: 834, Train Loss: 2.413, Train CER: 0.0001, Test CER: 0.0242, Time: 44.885, F_no_retnorm_8_GPU_Bi_ret_12_synth_increase_gamma_along_layers_RetNet
Epoch: 835, Global Test CER: 0.0240
Epoch: 835, Train Loss: 2.413, Train CER: 0.0001, Test CER: 0.0240, Time: 43.547, F_no_retnorm_8_GPU_Bi_ret_12_synth_increase_gamma_along_layers_RetNet
Epoch: 836, Global Test CER: 0.0235
Epoch: 836, Train Loss: 2.413, Train CER: 0.0001, Test CER: 0.0235, Time: 43.734, F_no_retnorm_8_GPU_Bi_ret_12_synth_increase_gamma_along_layers_RetNet
Epoch: 837, Global Test CER: 0.0237
Epoch: 837, Train Loss: 2.413, Train CER: 0.0001, Test CER: 0.0237, Time: 44.734, F_no_retnorm_8_GPU_Bi_ret_12_synth_increase_gamma_along_layers_RetNet
Epoch: 838, Global Test CER: 0.0236
Epoch: 838, Train Loss: 2.413, Train CER: 0.0001, Test CER: 0.0236, Time: 43.724, F_no_retnorm_8_GPU_Bi_ret_12_synth_increase_gamma_along_layers_RetNet
Epoch: 839, Global Test CER: 0.0238
Epoch: 839, Train Loss: 2.413, Train CER: 0.0002, Test CER: 0.0238, Time: 43.430, F_no_retnorm_8_GPU_Bi_ret_12_synth_increase_gamma_along_layers_RetNet
Epoch: 840, Global Test CER: 0.0242
Epoch: 840, Train Loss: 2.413, Train CER: 0.0001, Test CER: 0.0242, Time: 43.347, F_no_retnorm_8_GPU_Bi_ret_12_synth_increase_gamma_along_layers_RetNet
Epoch: 841, Global Test CER: 0.0250
Epoch: 841, Train Loss: 2.413, Train CER: 0.0001, Test CER: 0.0250, Time: 43.241, F_no_retnorm_8_GPU_Bi_ret_12_synth_increase_gamma_along_layers_RetNet
Epoch: 842, Global Test CER: 0.0245
Epoch: 842, Train Loss: 2.413, Train CER: 0.0001, Test CER: 0.0245, Time: 49.797, F_no_retnorm_8_GPU_Bi_ret_12_synth_increase_gamma_along_layers_RetNet
Epoch: 843, Global Test CER: 0.0244
Epoch: 843, Train Loss: 2.413, Train CER: 0.0002, Test CER: 0.0244, Time: 43.629, F_no_retnorm_8_GPU_Bi_ret_12_synth_increase_gamma_along_layers_RetNet
Epoch: 844, Global Test CER: 0.0241
Epoch: 844, Train Loss: 2.413, Train CER: 0.0001, Test CER: 0.0241, Time: 43.593, F_no_retnorm_8_GPU_Bi_ret_12_synth_increase_gamma_along_layers_RetNet
Epoch: 845, Global Test CER: 0.0242
Epoch: 845, Train Loss: 2.413, Train CER: 0.0001, Test CER: 0.0242, Time: 43.879, F_no_retnorm_8_GPU_Bi_ret_12_synth_increase_gamma_along_layers_RetNet
Epoch: 846, Global Test CER: 0.0240
Epoch: 846, Train Loss: 2.413, Train CER: 0.0000, Test CER: 0.0240, Time: 43.516, F_no_retnorm_8_GPU_Bi_ret_12_synth_increase_gamma_along_layers_RetNet
Epoch: 847, Global Test CER: 0.0242
Epoch: 847, Train Loss: 2.413, Train CER: 0.0001, Test CER: 0.0242, Time: 43.642, F_no_retnorm_8_GPU_Bi_ret_12_synth_increase_gamma_along_layers_RetNet
Epoch: 848, Global Test CER: 0.0245
Epoch: 848, Train Loss: 2.413, Train CER: 0.0002, Test CER: 0.0245, Time: 43.286, F_no_retnorm_8_GPU_Bi_ret_12_synth_increase_gamma_along_layers_RetNet
Epoch: 849, Global Test CER: 0.0237
Epoch: 849, Train Loss: 2.413, Train CER: 0.0001, Test CER: 0.0237, Time: 43.232, F_no_retnorm_8_GPU_Bi_ret_12_synth_increase_gamma_along_layers_RetNet
Epoch: 850, Global Test CER: 0.0257
Epoch: 850, Train Loss: 2.413, Train CER: 0.0001, Test CER: 0.0257, Time: 43.457, F_no_retnorm_8_GPU_Bi_ret_12_synth_increase_gamma_along_layers_RetNet
Epoch: 851, Global Test CER: 0.0248
Epoch: 851, Train Loss: 2.413, Train CER: 0.0001, Test CER: 0.0248, Time: 43.439, F_no_retnorm_8_GPU_Bi_ret_12_synth_increase_gamma_along_layers_RetNet
Epoch: 852, Global Test CER: 0.0246
Epoch: 852, Train Loss: 2.413, Train CER: 0.0001, Test CER: 0.0246, Time: 43.558, F_no_retnorm_8_GPU_Bi_ret_12_synth_increase_gamma_along_layers_RetNet
Epoch: 853, Global Test CER: 0.0239
Epoch: 853, Train Loss: 2.413, Train CER: 0.0001, Test CER: 0.0239, Time: 43.414, F_no_retnorm_8_GPU_Bi_ret_12_synth_increase_gamma_along_layers_RetNet
Epoch: 854, Global Test CER: 0.0238
Epoch: 854, Train Loss: 2.413, Train CER: 0.0000, Test CER: 0.0238, Time: 43.594, F_no_retnorm_8_GPU_Bi_ret_12_synth_increase_gamma_along_layers_RetNet
Epoch: 855, Global Test CER: 0.0247
Epoch: 855, Train Loss: 2.413, Train CER: 0.0002, Test CER: 0.0247, Time: 48.605, F_no_retnorm_8_GPU_Bi_ret_12_synth_increase_gamma_along_layers_RetNet
Epoch: 856, Global Test CER: 0.0240
Epoch: 856, Train Loss: 2.413, Train CER: 0.0001, Test CER: 0.0240, Time: 44.557, F_no_retnorm_8_GPU_Bi_ret_12_synth_increase_gamma_along_layers_RetNet
Epoch: 857, Global Test CER: 0.0236
Epoch: 857, Train Loss: 2.413, Train CER: 0.0001, Test CER: 0.0236, Time: 44.094, F_no_retnorm_8_GPU_Bi_ret_12_synth_increase_gamma_along_layers_RetNet
Epoch: 858, Global Test CER: 0.0240
Epoch: 858, Train Loss: 2.413, Train CER: 0.0001, Test CER: 0.0240, Time: 43.838, F_no_retnorm_8_GPU_Bi_ret_12_synth_increase_gamma_along_layers_RetNet
Epoch: 859, Global Test CER: 0.0242
Epoch: 859, Train Loss: 2.413, Train CER: 0.0000, Test CER: 0.0242, Time: 44.678, F_no_retnorm_8_GPU_Bi_ret_12_synth_increase_gamma_along_layers_RetNet
Epoch: 860, Global Test CER: 0.0241
Epoch: 860, Train Loss: 2.413, Train CER: 0.0001, Test CER: 0.0241, Time: 44.044, F_no_retnorm_8_GPU_Bi_ret_12_synth_increase_gamma_along_layers_RetNet
Epoch: 861, Global Test CER: 0.0236
Epoch: 861, Train Loss: 2.413, Train CER: 0.0001, Test CER: 0.0236, Time: 43.361, F_no_retnorm_8_GPU_Bi_ret_12_synth_increase_gamma_along_layers_RetNet
Epoch: 862, Global Test CER: 0.0238
Epoch: 862, Train Loss: 2.413, Train CER: 0.0000, Test CER: 0.0238, Time: 43.444, F_no_retnorm_8_GPU_Bi_ret_12_synth_increase_gamma_along_layers_RetNet
Epoch: 863, Global Test CER: 0.0239
Epoch: 863, Train Loss: 2.413, Train CER: 0.0001, Test CER: 0.0239, Time: 43.221, F_no_retnorm_8_GPU_Bi_ret_12_synth_increase_gamma_along_layers_RetNet
Epoch: 864, Global Test CER: 0.0237
Epoch: 864, Train Loss: 2.413, Train CER: 0.0000, Test CER: 0.0237, Time: 44.012, F_no_retnorm_8_GPU_Bi_ret_12_synth_increase_gamma_along_layers_RetNet
Epoch: 865, Global Test CER: 0.0235
Epoch: 865, Train Loss: 2.413, Train CER: 0.0001, Test CER: 0.0235, Time: 43.520, F_no_retnorm_8_GPU_Bi_ret_12_synth_increase_gamma_along_layers_RetNet
Epoch: 866, Global Test CER: 0.0236
Epoch: 866, Train Loss: 2.413, Train CER: 0.0001, Test CER: 0.0236, Time: 42.993, F_no_retnorm_8_GPU_Bi_ret_12_synth_increase_gamma_along_layers_RetNet
Epoch: 867, Global Test CER: 0.0244
Epoch: 867, Train Loss: 2.413, Train CER: 0.0002, Test CER: 0.0244, Time: 43.226, F_no_retnorm_8_GPU_Bi_ret_12_synth_increase_gamma_along_layers_RetNet
Epoch: 868, Global Test CER: 0.0236
Epoch: 868, Train Loss: 2.413, Train CER: 0.0000, Test CER: 0.0236, Time: 43.001, F_no_retnorm_8_GPU_Bi_ret_12_synth_increase_gamma_along_layers_RetNet
Epoch: 869, Global Test CER: 0.0247
Epoch: 869, Train Loss: 2.413, Train CER: 0.0000, Test CER: 0.0247, Time: 43.461, F_no_retnorm_8_GPU_Bi_ret_12_synth_increase_gamma_along_layers_RetNet
Epoch: 870, Global Test CER: 0.0240
Epoch: 870, Train Loss: 2.413, Train CER: 0.0001, Test CER: 0.0240, Time: 43.385, F_no_retnorm_8_GPU_Bi_ret_12_synth_increase_gamma_along_layers_RetNet
Epoch: 871, Global Test CER: 0.0240
Epoch: 871, Train Loss: 2.413, Train CER: 0.0001, Test CER: 0.0240, Time: 43.594, F_no_retnorm_8_GPU_Bi_ret_12_synth_increase_gamma_along_layers_RetNet
Epoch: 872, Global Test CER: 0.0237
Epoch: 872, Train Loss: 2.413, Train CER: 0.0000, Test CER: 0.0237, Time: 43.549, F_no_retnorm_8_GPU_Bi_ret_12_synth_increase_gamma_along_layers_RetNet
Epoch: 873, Global Test CER: 0.0240
Epoch: 873, Train Loss: 2.413, Train CER: 0.0002, Test CER: 0.0240, Time: 43.703, F_no_retnorm_8_GPU_Bi_ret_12_synth_increase_gamma_along_layers_RetNet
Epoch: 874, Global Test CER: 0.0238
Epoch: 874, Train Loss: 2.413, Train CER: 0.0001, Test CER: 0.0238, Time: 43.379, F_no_retnorm_8_GPU_Bi_ret_12_synth_increase_gamma_along_layers_RetNet
Epoch: 875, Global Test CER: 0.0245
Epoch: 875, Train Loss: 2.413, Train CER: 0.0001, Test CER: 0.0245, Time: 43.055, F_no_retnorm_8_GPU_Bi_ret_12_synth_increase_gamma_along_layers_RetNet
Epoch: 876, Global Test CER: 0.0247
Epoch: 876, Train Loss: 2.413, Train CER: 0.0001, Test CER: 0.0247, Time: 43.296, F_no_retnorm_8_GPU_Bi_ret_12_synth_increase_gamma_along_layers_RetNet
Epoch: 877, Global Test CER: 0.0242
Epoch: 877, Train Loss: 2.413, Train CER: 0.0001, Test CER: 0.0242, Time: 46.451, F_no_retnorm_8_GPU_Bi_ret_12_synth_increase_gamma_along_layers_RetNet
Epoch: 878, Global Test CER: 0.0244
Epoch: 878, Train Loss: 2.413, Train CER: 0.0001, Test CER: 0.0244, Time: 43.764, F_no_retnorm_8_GPU_Bi_ret_12_synth_increase_gamma_along_layers_RetNet
Epoch: 879, Global Test CER: 0.0243
Epoch: 879, Train Loss: 2.413, Train CER: 0.0001, Test CER: 0.0243, Time: 43.340, F_no_retnorm_8_GPU_Bi_ret_12_synth_increase_gamma_along_layers_RetNet
Epoch: 880, Global Test CER: 0.0242
Epoch: 880, Train Loss: 2.413, Train CER: 0.0001, Test CER: 0.0242, Time: 43.427, F_no_retnorm_8_GPU_Bi_ret_12_synth_increase_gamma_along_layers_RetNet
Epoch: 881, Global Test CER: 0.0249
Epoch: 881, Train Loss: 2.413, Train CER: 0.0002, Test CER: 0.0249, Time: 43.369, F_no_retnorm_8_GPU_Bi_ret_12_synth_increase_gamma_along_layers_RetNet
Epoch: 882, Global Test CER: 0.0244
Epoch: 882, Train Loss: 2.413, Train CER: 0.0000, Test CER: 0.0244, Time: 44.104, F_no_retnorm_8_GPU_Bi_ret_12_synth_increase_gamma_along_layers_RetNet
Epoch: 883, Global Test CER: 0.0240
Epoch: 883, Train Loss: 2.413, Train CER: 0.0001, Test CER: 0.0240, Time: 43.665, F_no_retnorm_8_GPU_Bi_ret_12_synth_increase_gamma_along_layers_RetNet
Epoch: 884, Global Test CER: 0.0244
Epoch: 884, Train Loss: 2.413, Train CER: 0.0004, Test CER: 0.0244, Time: 43.364, F_no_retnorm_8_GPU_Bi_ret_12_synth_increase_gamma_along_layers_RetNet
Epoch: 885, Global Test CER: 0.0239
Epoch: 885, Train Loss: 2.413, Train CER: 0.0001, Test CER: 0.0239, Time: 44.296, F_no_retnorm_8_GPU_Bi_ret_12_synth_increase_gamma_along_layers_RetNet
Epoch: 886, Global Test CER: 0.0248
Epoch: 886, Train Loss: 2.413, Train CER: 0.0001, Test CER: 0.0248, Time: 43.695, F_no_retnorm_8_GPU_Bi_ret_12_synth_increase_gamma_along_layers_RetNet
Epoch: 887, Global Test CER: 0.0249
Epoch: 887, Train Loss: 2.413, Train CER: 0.0001, Test CER: 0.0249, Time: 43.920, F_no_retnorm_8_GPU_Bi_ret_12_synth_increase_gamma_along_layers_RetNet
Epoch: 888, Global Test CER: 0.0249
Epoch: 888, Train Loss: 2.413, Train CER: 0.0002, Test CER: 0.0249, Time: 43.332, F_no_retnorm_8_GPU_Bi_ret_12_synth_increase_gamma_along_layers_RetNet
Epoch: 889, Global Test CER: 0.0241
Epoch: 889, Train Loss: 2.413, Train CER: 0.0001, Test CER: 0.0241, Time: 54.235, F_no_retnorm_8_GPU_Bi_ret_12_synth_increase_gamma_along_layers_RetNet
Epoch: 890, Global Test CER: 0.0241
Epoch: 890, Train Loss: 2.413, Train CER: 0.0001, Test CER: 0.0241, Time: 43.002, F_no_retnorm_8_GPU_Bi_ret_12_synth_increase_gamma_along_layers_RetNet
Epoch: 891, Global Test CER: 0.0239
Epoch: 891, Train Loss: 2.413, Train CER: 0.0001, Test CER: 0.0239, Time: 43.094, F_no_retnorm_8_GPU_Bi_ret_12_synth_increase_gamma_along_layers_RetNet
Epoch: 892, Global Test CER: 0.0239
Epoch: 892, Train Loss: 2.413, Train CER: 0.0000, Test CER: 0.0239, Time: 43.124, F_no_retnorm_8_GPU_Bi_ret_12_synth_increase_gamma_along_layers_RetNet
Epoch: 893, Global Test CER: 0.0240
Epoch: 893, Train Loss: 2.413, Train CER: 0.0000, Test CER: 0.0240, Time: 43.239, F_no_retnorm_8_GPU_Bi_ret_12_synth_increase_gamma_along_layers_RetNet
Epoch: 894, Global Test CER: 0.0233
Epoch: 894, Train Loss: 2.413, Train CER: 0.0001, Test CER: 0.0233, Time: 43.382, F_no_retnorm_8_GPU_Bi_ret_12_synth_increase_gamma_along_layers_RetNet
Epoch: 895, Global Test CER: 0.0240
Epoch: 895, Train Loss: 2.413, Train CER: 0.0000, Test CER: 0.0240, Time: 44.032, F_no_retnorm_8_GPU_Bi_ret_12_synth_increase_gamma_along_layers_RetNet
Epoch: 896, Global Test CER: 0.0244
Epoch: 896, Train Loss: 2.413, Train CER: 0.0001, Test CER: 0.0244, Time: 43.172, F_no_retnorm_8_GPU_Bi_ret_12_synth_increase_gamma_along_layers_RetNet
Epoch: 897, Global Test CER: 0.0230
Epoch: 897, Train Loss: 2.413, Train CER: 0.0000, Test CER: 0.0230, Time: 43.333, F_no_retnorm_8_GPU_Bi_ret_12_synth_increase_gamma_along_layers_RetNet
Epoch: 898, Global Test CER: 0.0238
Epoch: 898, Train Loss: 2.413, Train CER: 0.0002, Test CER: 0.0238, Time: 43.286, F_no_retnorm_8_GPU_Bi_ret_12_synth_increase_gamma_along_layers_RetNet
Epoch: 899, Global Test CER: 0.0240
Epoch: 899, Train Loss: 2.413, Train CER: 0.0001, Test CER: 0.0240, Time: 43.401, F_no_retnorm_8_GPU_Bi_ret_12_synth_increase_gamma_along_layers_RetNet
Epoch: 900, Global Test CER: 0.0240
Epoch: 900, Train Loss: 2.413, Train CER: 0.0002, Test CER: 0.0240, Time: 57.840, F_no_retnorm_8_GPU_Bi_ret_12_synth_increase_gamma_along_layers_RetNet
Epoch: 901, Global Test CER: 0.0235
Epoch: 901, Train Loss: 2.413, Train CER: 0.0001, Test CER: 0.0235, Time: 43.011, F_no_retnorm_8_GPU_Bi_ret_12_synth_increase_gamma_along_layers_RetNet
Epoch: 902, Global Test CER: 0.0243
Epoch: 902, Train Loss: 2.413, Train CER: 0.0002, Test CER: 0.0243, Time: 43.392, F_no_retnorm_8_GPU_Bi_ret_12_synth_increase_gamma_along_layers_RetNet
Epoch: 903, Global Test CER: 0.0241
Epoch: 903, Train Loss: 2.413, Train CER: 0.0001, Test CER: 0.0241, Time: 43.837, F_no_retnorm_8_GPU_Bi_ret_12_synth_increase_gamma_along_layers_RetNet
Epoch: 904, Global Test CER: 0.0237
Epoch: 904, Train Loss: 2.413, Train CER: 0.0000, Test CER: 0.0237, Time: 61.099, F_no_retnorm_8_GPU_Bi_ret_12_synth_increase_gamma_along_layers_RetNet
Epoch: 905, Global Test CER: 0.0238
Epoch: 905, Train Loss: 2.413, Train CER: 0.0001, Test CER: 0.0238, Time: 42.909, F_no_retnorm_8_GPU_Bi_ret_12_synth_increase_gamma_along_layers_RetNet
Epoch: 906, Global Test CER: 0.0245
Epoch: 906, Train Loss: 2.413, Train CER: 0.0001, Test CER: 0.0245, Time: 42.847, F_no_retnorm_8_GPU_Bi_ret_12_synth_increase_gamma_along_layers_RetNet
Epoch: 907, Global Test CER: 0.0239
Epoch: 907, Train Loss: 2.413, Train CER: 0.0000, Test CER: 0.0239, Time: 43.164, F_no_retnorm_8_GPU_Bi_ret_12_synth_increase_gamma_along_layers_RetNet
Epoch: 908, Global Test CER: 0.0238
Epoch: 908, Train Loss: 2.413, Train CER: 0.0001, Test CER: 0.0238, Time: 43.158, F_no_retnorm_8_GPU_Bi_ret_12_synth_increase_gamma_along_layers_RetNet
Epoch: 909, Global Test CER: 0.0233
Epoch: 909, Train Loss: 2.413, Train CER: 0.0001, Test CER: 0.0233, Time: 43.040, F_no_retnorm_8_GPU_Bi_ret_12_synth_increase_gamma_along_layers_RetNet
Epoch: 910, Global Test CER: 0.0232
Epoch: 910, Train Loss: 2.413, Train CER: 0.0001, Test CER: 0.0232, Time: 43.164, F_no_retnorm_8_GPU_Bi_ret_12_synth_increase_gamma_along_layers_RetNet
Epoch: 911, Global Test CER: 0.0239
Epoch: 911, Train Loss: 2.413, Train CER: 0.0000, Test CER: 0.0239, Time: 43.112, F_no_retnorm_8_GPU_Bi_ret_12_synth_increase_gamma_along_layers_RetNet
Epoch: 912, Global Test CER: 0.0243
Epoch: 912, Train Loss: 2.413, Train CER: 0.0001, Test CER: 0.0243, Time: 43.548, F_no_retnorm_8_GPU_Bi_ret_12_synth_increase_gamma_along_layers_RetNet
Epoch: 913, Global Test CER: 0.0242
Epoch: 913, Train Loss: 2.413, Train CER: 0.0001, Test CER: 0.0242, Time: 43.144, F_no_retnorm_8_GPU_Bi_ret_12_synth_increase_gamma_along_layers_RetNet
Epoch: 914, Global Test CER: 0.0237
Epoch: 914, Train Loss: 2.413, Train CER: 0.0001, Test CER: 0.0237, Time: 57.911, F_no_retnorm_8_GPU_Bi_ret_12_synth_increase_gamma_along_layers_RetNet
Epoch: 915, Global Test CER: 0.0239
Epoch: 915, Train Loss: 2.413, Train CER: 0.0000, Test CER: 0.0239, Time: 60.295, F_no_retnorm_8_GPU_Bi_ret_12_synth_increase_gamma_along_layers_RetNet
Epoch: 916, Global Test CER: 0.0236
Epoch: 916, Train Loss: 2.413, Train CER: 0.0001, Test CER: 0.0236, Time: 66.854, F_no_retnorm_8_GPU_Bi_ret_12_synth_increase_gamma_along_layers_RetNet
Epoch: 917, Global Test CER: 0.0232
Epoch: 917, Train Loss: 2.413, Train CER: 0.0000, Test CER: 0.0232, Time: 44.286, F_no_retnorm_8_GPU_Bi_ret_12_synth_increase_gamma_along_layers_RetNet
Epoch: 918, Global Test CER: 0.0235
Epoch: 918, Train Loss: 2.413, Train CER: 0.0000, Test CER: 0.0235, Time: 43.182, F_no_retnorm_8_GPU_Bi_ret_12_synth_increase_gamma_along_layers_RetNet
Epoch: 919, Global Test CER: 0.0237
Epoch: 919, Train Loss: 2.413, Train CER: 0.0000, Test CER: 0.0237, Time: 42.762, F_no_retnorm_8_GPU_Bi_ret_12_synth_increase_gamma_along_layers_RetNet
Epoch: 920, Global Test CER: 0.0234
Epoch: 920, Train Loss: 2.413, Train CER: 0.0000, Test CER: 0.0234, Time: 62.546, F_no_retnorm_8_GPU_Bi_ret_12_synth_increase_gamma_along_layers_RetNet
Epoch: 921, Global Test CER: 0.0235
Epoch: 921, Train Loss: 2.413, Train CER: 0.0001, Test CER: 0.0235, Time: 61.865, F_no_retnorm_8_GPU_Bi_ret_12_synth_increase_gamma_along_layers_RetNet
Epoch: 922, Global Test CER: 0.0232
Epoch: 922, Train Loss: 2.413, Train CER: 0.0000, Test CER: 0.0232, Time: 43.174, F_no_retnorm_8_GPU_Bi_ret_12_synth_increase_gamma_along_layers_RetNet
Epoch: 923, Global Test CER: 0.0244
Epoch: 923, Train Loss: 2.413, Train CER: 0.0001, Test CER: 0.0244, Time: 42.829, F_no_retnorm_8_GPU_Bi_ret_12_synth_increase_gamma_along_layers_RetNet
Epoch: 924, Global Test CER: 0.0232
Epoch: 924, Train Loss: 2.413, Train CER: 0.0002, Test CER: 0.0232, Time: 43.221, F_no_retnorm_8_GPU_Bi_ret_12_synth_increase_gamma_along_layers_RetNet
Epoch: 925, Global Test CER: 0.0236
Epoch: 925, Train Loss: 2.413, Train CER: 0.0001, Test CER: 0.0236, Time: 43.290, F_no_retnorm_8_GPU_Bi_ret_12_synth_increase_gamma_along_layers_RetNet
Epoch: 926, Global Test CER: 0.0235
Epoch: 926, Train Loss: 2.413, Train CER: 0.0001, Test CER: 0.0235, Time: 43.165, F_no_retnorm_8_GPU_Bi_ret_12_synth_increase_gamma_along_layers_RetNet
Epoch: 927, Global Test CER: 0.0232
Epoch: 927, Train Loss: 2.413, Train CER: 0.0001, Test CER: 0.0232, Time: 57.418, F_no_retnorm_8_GPU_Bi_ret_12_synth_increase_gamma_along_layers_RetNet
Epoch: 928, Global Test CER: 0.0236
Epoch: 928, Train Loss: 2.413, Train CER: 0.0001, Test CER: 0.0236, Time: 42.879, F_no_retnorm_8_GPU_Bi_ret_12_synth_increase_gamma_along_layers_RetNet
Epoch: 929, Global Test CER: 0.0239
Epoch: 929, Train Loss: 2.413, Train CER: 0.0001, Test CER: 0.0239, Time: 42.828, F_no_retnorm_8_GPU_Bi_ret_12_synth_increase_gamma_along_layers_RetNet
Epoch: 930, Global Test CER: 0.0231
Epoch: 930, Train Loss: 2.413, Train CER: 0.0001, Test CER: 0.0231, Time: 43.170, F_no_retnorm_8_GPU_Bi_ret_12_synth_increase_gamma_along_layers_RetNet
Epoch: 931, Global Test CER: 0.0234
Epoch: 931, Train Loss: 2.413, Train CER: 0.0001, Test CER: 0.0234, Time: 43.055, F_no_retnorm_8_GPU_Bi_ret_12_synth_increase_gamma_along_layers_RetNet
Epoch: 932, Global Test CER: 0.0228
Epoch: 932, Train Loss: 2.413, Train CER: 0.0001, Test CER: 0.0228, Time: 43.159, F_no_retnorm_8_GPU_Bi_ret_12_synth_increase_gamma_along_layers_RetNet
Epoch: 933, Global Test CER: 0.0235
Epoch: 933, Train Loss: 2.413, Train CER: 0.0001, Test CER: 0.0235, Time: 47.603, F_no_retnorm_8_GPU_Bi_ret_12_synth_increase_gamma_along_layers_RetNet
Epoch: 934, Global Test CER: 0.0230
Epoch: 934, Train Loss: 2.413, Train CER: 0.0000, Test CER: 0.0230, Time: 42.949, F_no_retnorm_8_GPU_Bi_ret_12_synth_increase_gamma_along_layers_RetNet
Epoch: 935, Global Test CER: 0.0240
Epoch: 935, Train Loss: 2.413, Train CER: 0.0001, Test CER: 0.0240, Time: 43.062, F_no_retnorm_8_GPU_Bi_ret_12_synth_increase_gamma_along_layers_RetNet
Epoch: 936, Global Test CER: 0.0236
Epoch: 936, Train Loss: 2.413, Train CER: 0.0000, Test CER: 0.0236, Time: 54.122, F_no_retnorm_8_GPU_Bi_ret_12_synth_increase_gamma_along_layers_RetNet
Epoch: 937, Global Test CER: 0.0238
Epoch: 937, Train Loss: 2.413, Train CER: 0.0001, Test CER: 0.0238, Time: 43.367, F_no_retnorm_8_GPU_Bi_ret_12_synth_increase_gamma_along_layers_RetNet
Epoch: 938, Global Test CER: 0.0233
Epoch: 938, Train Loss: 2.413, Train CER: 0.0000, Test CER: 0.0233, Time: 43.448, F_no_retnorm_8_GPU_Bi_ret_12_synth_increase_gamma_along_layers_RetNet
Epoch: 939, Global Test CER: 0.0238
Epoch: 939, Train Loss: 2.413, Train CER: 0.0000, Test CER: 0.0238, Time: 42.947, F_no_retnorm_8_GPU_Bi_ret_12_synth_increase_gamma_along_layers_RetNet
Epoch: 940, Global Test CER: 0.0243
Epoch: 940, Train Loss: 2.413, Train CER: 0.0001, Test CER: 0.0243, Time: 43.279, F_no_retnorm_8_GPU_Bi_ret_12_synth_increase_gamma_along_layers_RetNet
Epoch: 941, Global Test CER: 0.0226
Epoch: 941, Train Loss: 2.413, Train CER: 0.0000, Test CER: 0.0226, Time: 43.165, F_no_retnorm_8_GPU_Bi_ret_12_synth_increase_gamma_along_layers_RetNet
Epoch: 942, Global Test CER: 0.0237
Epoch: 942, Train Loss: 2.413, Train CER: 0.0001, Test CER: 0.0237, Time: 43.124, F_no_retnorm_8_GPU_Bi_ret_12_synth_increase_gamma_along_layers_RetNet
Epoch: 943, Global Test CER: 0.0235
Epoch: 943, Train Loss: 2.413, Train CER: 0.0001, Test CER: 0.0235, Time: 43.176, F_no_retnorm_8_GPU_Bi_ret_12_synth_increase_gamma_along_layers_RetNet
Epoch: 944, Global Test CER: 0.0238
Epoch: 944, Train Loss: 2.413, Train CER: 0.0000, Test CER: 0.0238, Time: 42.821, F_no_retnorm_8_GPU_Bi_ret_12_synth_increase_gamma_along_layers_RetNet
Epoch: 945, Global Test CER: 0.0233
Epoch: 945, Train Loss: 2.413, Train CER: 0.0002, Test CER: 0.0233, Time: 43.025, F_no_retnorm_8_GPU_Bi_ret_12_synth_increase_gamma_along_layers_RetNet
Epoch: 946, Global Test CER: 0.0238
Epoch: 946, Train Loss: 2.413, Train CER: 0.0001, Test CER: 0.0238, Time: 43.297, F_no_retnorm_8_GPU_Bi_ret_12_synth_increase_gamma_along_layers_RetNet
Epoch: 947, Global Test CER: 0.0237
Epoch: 947, Train Loss: 2.413, Train CER: 0.0001, Test CER: 0.0237, Time: 43.023, F_no_retnorm_8_GPU_Bi_ret_12_synth_increase_gamma_along_layers_RetNet
Epoch: 948, Global Test CER: 0.0246
Epoch: 948, Train Loss: 2.413, Train CER: 0.0001, Test CER: 0.0246, Time: 43.440, F_no_retnorm_8_GPU_Bi_ret_12_synth_increase_gamma_along_layers_RetNet
Epoch: 949, Global Test CER: 0.0246
Epoch: 949, Train Loss: 2.413, Train CER: 0.0000, Test CER: 0.0246, Time: 58.468, F_no_retnorm_8_GPU_Bi_ret_12_synth_increase_gamma_along_layers_RetNet
Epoch: 950, Global Test CER: 0.0234
Epoch: 950, Train Loss: 2.413, Train CER: 0.0000, Test CER: 0.0234, Time: 45.830, F_no_retnorm_8_GPU_Bi_ret_12_synth_increase_gamma_along_layers_RetNet
Epoch: 951, Global Test CER: 0.0239
Epoch: 951, Train Loss: 2.413, Train CER: 0.0002, Test CER: 0.0239, Time: 43.280, F_no_retnorm_8_GPU_Bi_ret_12_synth_increase_gamma_along_layers_RetNet
Epoch: 952, Global Test CER: 0.0238
Epoch: 952, Train Loss: 2.413, Train CER: 0.0001, Test CER: 0.0238, Time: 43.249, F_no_retnorm_8_GPU_Bi_ret_12_synth_increase_gamma_along_layers_RetNet
Epoch: 953, Global Test CER: 0.0235
Epoch: 953, Train Loss: 2.413, Train CER: 0.0001, Test CER: 0.0235, Time: 42.727, F_no_retnorm_8_GPU_Bi_ret_12_synth_increase_gamma_along_layers_RetNet
Epoch: 954, Global Test CER: 0.0233
Epoch: 954, Train Loss: 2.413, Train CER: 0.0002, Test CER: 0.0233, Time: 42.824, F_no_retnorm_8_GPU_Bi_ret_12_synth_increase_gamma_along_layers_RetNet
Epoch: 955, Global Test CER: 0.0238
Epoch: 955, Train Loss: 2.413, Train CER: 0.0001, Test CER: 0.0238, Time: 45.151, F_no_retnorm_8_GPU_Bi_ret_12_synth_increase_gamma_along_layers_RetNet
Epoch: 956, Global Test CER: 0.0230
Epoch: 956, Train Loss: 2.413, Train CER: 0.0001, Test CER: 0.0230, Time: 42.921, F_no_retnorm_8_GPU_Bi_ret_12_synth_increase_gamma_along_layers_RetNet
Epoch: 957, Global Test CER: 0.0240
Epoch: 957, Train Loss: 2.413, Train CER: 0.0001, Test CER: 0.0240, Time: 56.927, F_no_retnorm_8_GPU_Bi_ret_12_synth_increase_gamma_along_layers_RetNet
Epoch: 958, Global Test CER: 0.0237
Epoch: 958, Train Loss: 2.413, Train CER: 0.0001, Test CER: 0.0237, Time: 42.938, F_no_retnorm_8_GPU_Bi_ret_12_synth_increase_gamma_along_layers_RetNet
Epoch: 959, Global Test CER: 0.0238
Epoch: 959, Train Loss: 2.413, Train CER: 0.0001, Test CER: 0.0238, Time: 42.943, F_no_retnorm_8_GPU_Bi_ret_12_synth_increase_gamma_along_layers_RetNet
Epoch: 960, Global Test CER: 0.0235
Epoch: 960, Train Loss: 2.413, Train CER: 0.0000, Test CER: 0.0235, Time: 43.094, F_no_retnorm_8_GPU_Bi_ret_12_synth_increase_gamma_along_layers_RetNet
Epoch: 961, Global Test CER: 0.0238
Epoch: 961, Train Loss: 2.413, Train CER: 0.0000, Test CER: 0.0238, Time: 42.977, F_no_retnorm_8_GPU_Bi_ret_12_synth_increase_gamma_along_layers_RetNet
Epoch: 962, Global Test CER: 0.0240
Epoch: 962, Train Loss: 2.413, Train CER: 0.0001, Test CER: 0.0240, Time: 43.373, F_no_retnorm_8_GPU_Bi_ret_12_synth_increase_gamma_along_layers_RetNet
Epoch: 963, Global Test CER: 0.0235
Epoch: 963, Train Loss: 2.413, Train CER: 0.0000, Test CER: 0.0235, Time: 43.004, F_no_retnorm_8_GPU_Bi_ret_12_synth_increase_gamma_along_layers_RetNet
Epoch: 964, Global Test CER: 0.0233
Epoch: 964, Train Loss: 2.413, Train CER: 0.0001, Test CER: 0.0233, Time: 60.668, F_no_retnorm_8_GPU_Bi_ret_12_synth_increase_gamma_along_layers_RetNet
Epoch: 965, Global Test CER: 0.0235
Epoch: 965, Train Loss: 2.413, Train CER: 0.0000, Test CER: 0.0235, Time: 49.378, F_no_retnorm_8_GPU_Bi_ret_12_synth_increase_gamma_along_layers_RetNet
Epoch: 966, Global Test CER: 0.0235
Epoch: 966, Train Loss: 2.413, Train CER: 0.0001, Test CER: 0.0235, Time: 42.865, F_no_retnorm_8_GPU_Bi_ret_12_synth_increase_gamma_along_layers_RetNet
Epoch: 967, Global Test CER: 0.0238
Epoch: 967, Train Loss: 2.413, Train CER: 0.0000, Test CER: 0.0238, Time: 43.178, F_no_retnorm_8_GPU_Bi_ret_12_synth_increase_gamma_along_layers_RetNet
Epoch: 968, Global Test CER: 0.0244
Epoch: 968, Train Loss: 2.413, Train CER: 0.0001, Test CER: 0.0244, Time: 43.298, F_no_retnorm_8_GPU_Bi_ret_12_synth_increase_gamma_along_layers_RetNet
Epoch: 969, Global Test CER: 0.0237
Epoch: 969, Train Loss: 2.413, Train CER: 0.0001, Test CER: 0.0237, Time: 42.925, F_no_retnorm_8_GPU_Bi_ret_12_synth_increase_gamma_along_layers_RetNet
Epoch: 970, Global Test CER: 0.0240
Epoch: 970, Train Loss: 2.413, Train CER: 0.0000, Test CER: 0.0240, Time: 42.807, F_no_retnorm_8_GPU_Bi_ret_12_synth_increase_gamma_along_layers_RetNet
Epoch: 971, Global Test CER: 0.0242
Epoch: 971, Train Loss: 2.413, Train CER: 0.0001, Test CER: 0.0242, Time: 43.172, F_no_retnorm_8_GPU_Bi_ret_12_synth_increase_gamma_along_layers_RetNet
Epoch: 972, Global Test CER: 0.0238
Epoch: 972, Train Loss: 2.413, Train CER: 0.0001, Test CER: 0.0238, Time: 43.578, F_no_retnorm_8_GPU_Bi_ret_12_synth_increase_gamma_along_layers_RetNet
Epoch: 973, Global Test CER: 0.0242
Epoch: 973, Train Loss: 2.413, Train CER: 0.0001, Test CER: 0.0242, Time: 44.322, F_no_retnorm_8_GPU_Bi_ret_12_synth_increase_gamma_along_layers_RetNet
Epoch: 974, Global Test CER: 0.0242
Epoch: 974, Train Loss: 2.413, Train CER: 0.0002, Test CER: 0.0242, Time: 43.583, F_no_retnorm_8_GPU_Bi_ret_12_synth_increase_gamma_along_layers_RetNet
Epoch: 975, Global Test CER: 0.0242
Epoch: 975, Train Loss: 2.413, Train CER: 0.0000, Test CER: 0.0242, Time: 43.817, F_no_retnorm_8_GPU_Bi_ret_12_synth_increase_gamma_along_layers_RetNet
Epoch: 976, Global Test CER: 0.0237
Epoch: 976, Train Loss: 2.413, Train CER: 0.0002, Test CER: 0.0237, Time: 43.919, F_no_retnorm_8_GPU_Bi_ret_12_synth_increase_gamma_along_layers_RetNet
Epoch: 977, Global Test CER: 0.0244
Epoch: 977, Train Loss: 2.413, Train CER: 0.0001, Test CER: 0.0244, Time: 44.009, F_no_retnorm_8_GPU_Bi_ret_12_synth_increase_gamma_along_layers_RetNet
Epoch: 978, Global Test CER: 0.0239
Epoch: 978, Train Loss: 2.413, Train CER: 0.0001, Test CER: 0.0239, Time: 43.416, F_no_retnorm_8_GPU_Bi_ret_12_synth_increase_gamma_along_layers_RetNet
Epoch: 979, Global Test CER: 0.0238
Epoch: 979, Train Loss: 2.413, Train CER: 0.0001, Test CER: 0.0238, Time: 43.815, F_no_retnorm_8_GPU_Bi_ret_12_synth_increase_gamma_along_layers_RetNet
Epoch: 980, Global Test CER: 0.0236
Epoch: 980, Train Loss: 2.413, Train CER: 0.0000, Test CER: 0.0236, Time: 44.162, F_no_retnorm_8_GPU_Bi_ret_12_synth_increase_gamma_along_layers_RetNet
Epoch: 981, Global Test CER: 0.0238
Epoch: 981, Train Loss: 2.413, Train CER: 0.0001, Test CER: 0.0238, Time: 43.763, F_no_retnorm_8_GPU_Bi_ret_12_synth_increase_gamma_along_layers_RetNet
Epoch: 982, Global Test CER: 0.0236
Epoch: 982, Train Loss: 2.413, Train CER: 0.0000, Test CER: 0.0236, Time: 43.620, F_no_retnorm_8_GPU_Bi_ret_12_synth_increase_gamma_along_layers_RetNet
Epoch: 983, Global Test CER: 0.0245
Epoch: 983, Train Loss: 2.413, Train CER: 0.0001, Test CER: 0.0245, Time: 43.243, F_no_retnorm_8_GPU_Bi_ret_12_synth_increase_gamma_along_layers_RetNet
Epoch: 984, Global Test CER: 0.0228
Epoch: 984, Train Loss: 2.413, Train CER: 0.0000, Test CER: 0.0228, Time: 43.320, F_no_retnorm_8_GPU_Bi_ret_12_synth_increase_gamma_along_layers_RetNet
Epoch: 985, Global Test CER: 0.0242
Epoch: 985, Train Loss: 2.413, Train CER: 0.0001, Test CER: 0.0242, Time: 62.648, F_no_retnorm_8_GPU_Bi_ret_12_synth_increase_gamma_along_layers_RetNet
Epoch: 986, Global Test CER: 0.0232
Epoch: 986, Train Loss: 2.413, Train CER: 0.0001, Test CER: 0.0232, Time: 43.004, F_no_retnorm_8_GPU_Bi_ret_12_synth_increase_gamma_along_layers_RetNet
Epoch: 987, Global Test CER: 0.0242
Epoch: 987, Train Loss: 2.413, Train CER: 0.0002, Test CER: 0.0242, Time: 43.190, F_no_retnorm_8_GPU_Bi_ret_12_synth_increase_gamma_along_layers_RetNet
Epoch: 988, Global Test CER: 0.0241
Epoch: 988, Train Loss: 2.413, Train CER: 0.0001, Test CER: 0.0241, Time: 43.466, F_no_retnorm_8_GPU_Bi_ret_12_synth_increase_gamma_along_layers_RetNet
Epoch: 989, Global Test CER: 0.0239
Epoch: 989, Train Loss: 2.413, Train CER: 0.0001, Test CER: 0.0239, Time: 43.397, F_no_retnorm_8_GPU_Bi_ret_12_synth_increase_gamma_along_layers_RetNet
Epoch: 990, Global Test CER: 0.0238
Epoch: 990, Train Loss: 2.413, Train CER: 0.0001, Test CER: 0.0238, Time: 43.420, F_no_retnorm_8_GPU_Bi_ret_12_synth_increase_gamma_along_layers_RetNet
Epoch: 991, Global Test CER: 0.0240
Epoch: 991, Train Loss: 2.413, Train CER: 0.0001, Test CER: 0.0240, Time: 62.660, F_no_retnorm_8_GPU_Bi_ret_12_synth_increase_gamma_along_layers_RetNet
Epoch: 992, Global Test CER: 0.0240
Epoch: 992, Train Loss: 2.413, Train CER: 0.0002, Test CER: 0.0240, Time: 43.816, F_no_retnorm_8_GPU_Bi_ret_12_synth_increase_gamma_along_layers_RetNet
Epoch: 993, Global Test CER: 0.0244
Epoch: 993, Train Loss: 2.413, Train CER: 0.0001, Test CER: 0.0244, Time: 43.717, F_no_retnorm_8_GPU_Bi_ret_12_synth_increase_gamma_along_layers_RetNet
Epoch: 994, Global Test CER: 0.0236
Epoch: 994, Train Loss: 2.413, Train CER: 0.0000, Test CER: 0.0236, Time: 45.110, F_no_retnorm_8_GPU_Bi_ret_12_synth_increase_gamma_along_layers_RetNet
Epoch: 995, Global Test CER: 0.0245
Epoch: 995, Train Loss: 2.413, Train CER: 0.0002, Test CER: 0.0245, Time: 43.875, F_no_retnorm_8_GPU_Bi_ret_12_synth_increase_gamma_along_layers_RetNet
Epoch: 996, Global Test CER: 0.0243
Epoch: 996, Train Loss: 2.413, Train CER: 0.0001, Test CER: 0.0243, Time: 43.931, F_no_retnorm_8_GPU_Bi_ret_12_synth_increase_gamma_along_layers_RetNet
Epoch: 997, Global Test CER: 0.0240
Epoch: 997, Train Loss: 2.413, Train CER: 0.0001, Test CER: 0.0240, Time: 43.911, F_no_retnorm_8_GPU_Bi_ret_12_synth_increase_gamma_along_layers_RetNet
Epoch: 998, Global Test CER: 0.0240
Epoch: 998, Train Loss: 2.413, Train CER: 0.0001, Test CER: 0.0240, Time: 43.523, F_no_retnorm_8_GPU_Bi_ret_12_synth_increase_gamma_along_layers_RetNet
Epoch: 999, Global Test CER: 0.0240
Epoch: 999, Train Loss: 2.413, Train CER: 0.0000, Test CER: 0.0240, Time: 43.694, F_no_retnorm_8_GPU_Bi_ret_12_synth_increase_gamma_along_layers_RetNet
Epoch: 1000, Global Test CER: 0.0234
Epoch: 1000, Train Loss: 2.413, Train CER: 0.0001, Test CER: 0.0234, Time: 43.261, F_no_retnorm_8_GPU_Bi_ret_12_synth_increase_gamma_along_layers_RetNet
=== JOB_STATISTICS ===
=== current date     : Thu Jan  1 11:05:31 CET 2026
= Job-ID             : 3258287 on alex
= Job-Name           : F_no_retnorm_8_GPU_Bi_ret_12_synth_increase_gamma_along_layers_RetNet
= Job-Command        : /home/hpc/iwi5/iwi5295h/RetNetHTR/DRetHTR/sbatch/F_no_retnorm_8_GPU_Bi_ret_12_synth_increase_gamma_along_layers_RetNet.sh
= Initial workdir    : /home/hpc/iwi5/iwi5295h/RetNetHTR/DRetHTR/sbatch
= Queue/Partition    : a40
= Slurm account      : iwi5 with QOS=normal
= Requested resources:  for 1-00:00:00
= Elapsed runtime    : 13:02:18
= Total RAM usage    : 57.9 GiB of assigned  GiB (%)
= Node list          : a0428
= Subm/Elig/Start/End: 2025-12-31T22:03:09 / 2025-12-31T22:03:09 / 2025-12-31T22:03:12 / 2026-01-01T11:05:30
======================
=== Quota infos ======
    Path              Used     SoftQ    HardQ    Gracetime  Filec    FileQ    FiHaQ    FileGrace
    /home/woody        426.1G  1000.0G  1500.0G        N/A     369K   5,000K   7,500K        N/A
    /home/hpc           65.3G   104.9G   209.7G        N/A      90K     500K   1,000K        N/A
    /home/vault        985.7G  1048.6G  2097.2G        N/A      74      200K     400K        N/A
    /lustre              4.0K     0.0K     0.0K        N/A       1       80K     250K        N/A
======================
=== GPU utilization ==
gpu_name, gpu_bus_id, pid, gpu_utilization [%], mem_utilization [%], max_memory_usage [MiB], time [ms]
NVIDIA A40, 00000000:01:00.0, 3334944, 75 %, 52 %, 21630 MiB, 46739716 ms
NVIDIA A40, 00000000:01:00.0, 3334946, 0 %, 0 %, 718 MiB, 46743642 ms
NVIDIA A40, 00000000:01:00.0, 3334948, 0 %, 0 %, 718 MiB, 46743635 ms
NVIDIA A40, 00000000:01:00.0, 3334951, 0 %, 0 %, 718 MiB, 46734949 ms
NVIDIA A40, 00000000:01:00.0, 3334949, 0 %, 0 %, 718 MiB, 46744036 ms
NVIDIA A40, 00000000:01:00.0, 3334950, 0 %, 0 %, 718 MiB, 46735913 ms
NVIDIA A40, 00000000:01:00.0, 3334947, 0 %, 0 %, 718 MiB, 46744575 ms
NVIDIA A40, 00000000:01:00.0, 3334945, 0 %, 0 %, 718 MiB, 46741298 ms
NVIDIA A40, 00000000:25:00.0, 3334945, 76 %, 52 %, 21202 MiB, 46741266 ms
NVIDIA A40, 00000000:41:00.0, 3334946, 76 %, 52 %, 21202 MiB, 46743513 ms
NVIDIA A40, 00000000:61:00.0, 3334947, 75 %, 53 %, 21202 MiB, 46744360 ms
NVIDIA A40, 00000000:81:00.0, 3334948, 77 %, 53 %, 21202 MiB, 46743255 ms
NVIDIA A40, 00000000:A1:00.0, 3334949, 75 %, 52 %, 21202 MiB, 46743598 ms
NVIDIA A40, 00000000:C1:00.0, 3334950, 77 %, 52 %, 21202 MiB, 46735848 ms
NVIDIA A40, 00000000:E1:00.0, 3334951, 76 %, 52 %, 21182 MiB, 46734791 ms
